variant_id,gene_name,gene_id,gene_distance,chromosome,position
1_10266559_A_G,KIF1B,ENSG00000054523.20,0.0,chr1,10266559
1_102940353_C_T,COL11A1,ENSG00000060718.22,0.0,chr1,102940353
1_102946844_C_T,COL11A1,ENSG00000060718.22,0.0,chr1,102946844
1_102961897_C_T,COL11A1,ENSG00000060718.22,0.0,chr1,102961897
1_102962696_C_T,COL11A1,ENSG00000060718.22,0.0,chr1,102962696
1_102965468_A_C,COL11A1,ENSG00000060718.22,0.0,chr1,102965468
1_102970268_G_A,COL11A1,ENSG00000060718.22,0.0,chr1,102970268
1_102984143_G_A,COL11A1,ENSG00000060718.22,0.0,chr1,102984143
1_102987644_C_T,COL11A1,ENSG00000060718.22,0.0,chr1,102987644
1_102997102_T_C,COL11A1,ENSG00000060718.22,0.0,chr1,102997102
1_102998344_C_G,COL11A1,ENSG00000060718.22,0.0,chr1,102998344
1_103014567_C_T,COL11A1,ENSG00000060718.22,0.0,chr1,103014567
1_10324782_G_C,KIF1B,ENSG00000054523.20,0.0,chr1,10324782
1_10624429_G_A,PEX14,ENSG00000142655.13,0.0,chr1,10624429
1_10627317_G_C,PEX14,ENSG00000142655.13,0.0,chr1,10627317
1_107149835_A_G,NTNG1,ENSG00000162631.20,0.0,chr1,107149835
1_109112599_C_G,CFAP276,ENSG00000179902.13,0.0,chr1,109112599
1_114673745_G_A,AMPD1,ENSG00000116748.22,0.0,chr1,114673745
1_116390414_A_G,ATP1A1,ENSG00000163399.16,0.0,chr1,116390414
1_116393042_G_T,ATP1A1,ENSG00000163399.16,0.0,chr1,116393042
1_12004033_T_G,MFN2,ENSG00000116688.18,0.0,chr1,12004033
1_12004548_G_A,MFN2,ENSG00000116688.18,0.0,chr1,12004548
1_1321983_G_A,INTS11,ENSG00000127054.22,0.0,chr1,1321983
1_150092429_G_A,VPS45,ENSG00000136631.16,0.0,chr1,150092429
1_150328375_G_A,PRPF3,ENSG00000117360.13,0.0,chr1,150328375
1_150340400_C_G,PRPF3,ENSG00000117360.13,0.0,chr1,150340400
1_150343306_C_G,PRPF3,ENSG00000117360.13,0.0,chr1,150343306
1_150344538_C_T,PRPF3,ENSG00000117360.13,0.0,chr1,150344538
1_150346014_C_T,PRPF3,ENSG00000117360.13,0.0,chr1,150346014
1_150349184_T_C,PRPF3,ENSG00000117360.13,0.0,chr1,150349184
1_151293997_C_G,PI4KB,ENSG00000143393.17,0.0,chr1,151293997
1_1518923_A_G,ATAD3A,ENSG00000197785.14,0.0,chr1,1518923
1_154178246_G_T,TPM3,ENSG00000143549.22,0.0,chr1,154178246
1_155612073_C_G,MSTO1,ENSG00000125459.18,0.0,chr1,155612073
1_155612209_G_C,MSTO1,ENSG00000125459.18,0.0,chr1,155612209
1_156175645_G_A,SEMA4A,ENSG00000196189.14,0.0,chr1,156175645
1_156659066_C_G,BCAN-AS2,ENSG00000229953.2,0.0,chr1,156659066
1_159196364_A_T,CADM3-AS1,ENSG00000225670.5,0.0,chr1,159196364
1_160230345_C_A,DCAF8,ENSG00000132716.19,0.0,chr1,160230345
1_160283036_G_A,ENSG00000258465,ENSG00000258465.8,0.0,chr1,160283036
1_161206602_G_A,NDUFS2,ENSG00000158864.13,0.0,chr1,161206602
1_161792154_A_G,ATF6,ENSG00000118217.7,0.0,chr1,161792154
1_161819673_G_A,ATF6,ENSG00000118217.7,0.0,chr1,161819673
1_161821101_G_A,ATF6,ENSG00000118217.7,0.0,chr1,161821101
1_16256621_G_A,FBXO42,ENSG00000037637.11,0.0,chr1,16256621
1_17044754_T_C,SDHB,ENSG00000117118.12,0.0,chr1,17044754
1_178126790_A_G,RASAL2,ENSG00000075391.18,0.0,chr1,178126790
1_179556213_G_C,NPHS2,ENSG00000116218.13,0.0,chr1,179556213
1_179561327_C_T,NPHS2,ENSG00000116218.13,0.0,chr1,179561327
1_1806503_A_G,GNB1,ENSG00000078369.19,0.0,chr1,1806503
1_182884815_T_C,DHX9,ENSG00000135829.17,0.0,chr1,182884815
1_186174544_A_T,HMCN1,ENSG00000143341.12,0.0,chr1,186174544
1_197344424_T_A,CRB1,ENSG00000134376.17,0.0,chr1,197344424
1_197347384_G_A,CRB1,ENSG00000134376.17,0.0,chr1,197347384
1_197429453_A_G,CRB1,ENSG00000134376.17,0.0,chr1,197429453
1_200584887_A_C,KIF14,ENSG00000118193.12,0.0,chr1,200584887
1_20089824_TGGA_T,PLA2G5,ENSG00000127472.11,0.0,chr1,20089824
1_203127674_G_A,ADORA1,ENSG00000163485.18,0.0,chr1,203127674
1_20716241_C_A,KIF17,ENSG00000117245.13,0.0,chr1,20716241
1_213173403_G_T,RPS6KC1,ENSG00000136643.12,0.0,chr1,213173403
1_215779930_C_T,USH2A,ENSG00000042781.14,0.0,chr1,215779930
1_215782077_C_G,USH2A,ENSG00000042781.14,0.0,chr1,215782077
1_215782814_A_T,USH2A,ENSG00000042781.14,0.0,chr1,215782814
1_215866381_C_T,USH2A,ENSG00000042781.14,0.0,chr1,215866381
1_215867063_T_A,USH2A,ENSG00000042781.14,0.0,chr1,215867063
1_215900220_G_C,USH2A,ENSG00000042781.14,0.0,chr1,215900220
1_215930594_A_G,USH2A,ENSG00000042781.14,0.0,chr1,215930594
1_216000521_A_C,USH2A,ENSG00000042781.14,0.0,chr1,216000521
1_216083489_G_A,USH2A,ENSG00000042781.14,0.0,chr1,216083489
1_216089088_C_T,USH2A,ENSG00000042781.14,0.0,chr1,216089088
1_216190271_C_T,USH2A,ENSG00000042781.14,0.0,chr1,216190271
1_216217382_C_T,USH2A,ENSG00000042781.14,0.0,chr1,216217382
1_216231950_T_A,USH2A,ENSG00000042781.14,0.0,chr1,216231950
1_216321878_C_G,USH2A,ENSG00000042781.14,0.0,chr1,216321878
1_227115779_T_C,CDC42BPA,ENSG00000143776.20,0.0,chr1,227115779
1_235465662_G_A,B3GALNT2,ENSG00000162885.14,0.0,chr1,235465662
1_236749124_A_G,ACTN2,ENSG00000077522.15,0.0,chr1,236749124
1_236757525_G_A,ACTN2,ENSG00000077522.15,0.0,chr1,236757525
1_237548562_G_A,RYR2,ENSG00000198626.19,0.0,chr1,237548562
1_243308026_C_G,SDCCAG8,ENSG00000054282.16,0.0,chr1,243308026
1_243316789_G_A,SDCCAG8,ENSG00000054282.16,0.0,chr1,243316789
1_243330586_C_T,SDCCAG8,ENSG00000054282.16,0.0,chr1,243330586
1_243417968_A_G,SDCCAG8,ENSG00000054282.16,0.0,chr1,243417968
1_26183874_C_G,CNKSR1,ENSG00000142675.18,0.0,chr1,26183874
1_28203748_T_A,DNAJC8,ENSG00000126698.11,0.0,chr1,28203748
1_29238134_G_A,PTPRU,ENSG00000060656.20,0.0,chr1,29238134
1_31741683_G_T,ADGRB2,ENSG00000121753.13,0.0,chr1,31741683
1_35299068_A_G,ZMYM4,ENSG00000146463.12,0.0,chr1,35299068
1_3839717_T_C,CEP104,ENSG00000116198.14,0.0,chr1,3839717
1_3844923_C_G,CEP104,ENSG00000116198.14,0.0,chr1,3844923
1_40088600_G_C,PPT1,ENSG00000131238.18,0.0,chr1,40088600
1_44414469_T_C,RNF220,ENSG00000187147.19,0.0,chr1,44414469
1_54405739_C_A,SSBP3,ENSG00000157216.17,0.0,chr1,54405739
1_5863996_C_T,NPHP4,ENSG00000131697.18,0.0,chr1,5863996
1_5866453_G_T,NPHP4,ENSG00000131697.18,0.0,chr1,5866453
1_5874571_C_T,NPHP4,ENSG00000131697.18,0.0,chr1,5874571
1_5880156_G_A,NPHP4,ENSG00000131697.18,0.0,chr1,5880156
1_5887444_G_A,NPHP4,ENSG00000131697.18,0.0,chr1,5887444
1_5890890_C_T,NPHP4,ENSG00000131697.18,0.0,chr1,5890890
1_5933320_C_T,NPHP4,ENSG00000131697.18,0.0,chr1,5933320
1_5948116_G_A,NPHP4,ENSG00000131697.18,0.0,chr1,5948116
1_5952710_T_A,NPHP4,ENSG00000131697.18,0.0,chr1,5952710
1_5969216_G_T,NPHP4,ENSG00000131697.18,0.0,chr1,5969216
1_6135291_A_G,CHD5,ENSG00000116254.18,0.0,chr1,6135291
1_65386870_G_C,DNAJC6,ENSG00000116675.16,0.0,chr1,65386870
1_68431045_A_G,RPE65,ENSG00000116745.8,0.0,chr1,68431045
1_68431476_C_T,RPE65,ENSG00000116745.8,0.0,chr1,68431476
1_68438212_T_A,RPE65,ENSG00000116745.8,0.0,chr1,68438212
1_68438942_C_T,RPE65,ENSG00000116745.8,0.0,chr1,68438942
1_68439557_T_C,RPE65,ENSG00000116745.8,0.0,chr1,68439557
1_68440879_A_G,RPE65,ENSG00000116745.8,0.0,chr1,68440879
1_68444582_C_A,RPE65,ENSG00000116745.8,0.0,chr1,68444582
1_68444769_C_T,RPE65,ENSG00000116745.8,0.0,chr1,68444769
1_68446728_T_G,RPE65,ENSG00000116745.8,0.0,chr1,68446728
1_71078452_C_T,ZRANB2,ENSG00000132485.14,0.0,chr1,71078452
1_74606900_C_A,ERICH3,ENSG00000178965.14,0.0,chr1,74606900
1_88832806_G_T,PKN2,ENSG00000065243.20,0.0,chr1,88832806
1_930203_C_T,SAMD11,ENSG00000187634.13,0.0,chr1,930203
1_935849_G_C,SAMD11,ENSG00000187634.13,0.0,chr1,935849
1_93996119_C_T,ABCA4,ENSG00000198691.14,0.0,chr1,93996119
1_94001008_G_A,ABCA4,ENSG00000198691.14,0.0,chr1,94001008
1_94002451_C_T,ABCA4,ENSG00000198691.14,0.0,chr1,94002451
1_94005432_A_T,ABCA4,ENSG00000198691.14,0.0,chr1,94005432
1_94007647_C_T,ABCA4,ENSG00000198691.14,0.0,chr1,94007647
1_94014529_A_G,ABCA4,ENSG00000198691.14,0.0,chr1,94014529
1_94015743_A_C,ABCA4,ENSG00000198691.14,0.0,chr1,94015743
1_94021232_T_C,ABCA4,ENSG00000198691.14,0.0,chr1,94021232
1_94024978_G_A,ABCA4,ENSG00000198691.14,0.0,chr1,94024978
1_94027360_C_T,ABCA4,ENSG00000198691.14,0.0,chr1,94027360
1_94027361_G_A,ABCA4,ENSG00000198691.14,0.0,chr1,94027361
1_94027381_G_A,ABCA4,ENSG00000198691.14,0.0,chr1,94027381
1_94027445_C_T,ABCA4,ENSG00000198691.14,0.0,chr1,94027445
1_94027527_T_C,ABCA4,ENSG00000198691.14,0.0,chr1,94027527
1_94027710_G_T,ABCA4,ENSG00000198691.14,0.0,chr1,94027710
1_94028355_T_C,ABCA4,ENSG00000198691.14,0.0,chr1,94028355
1_94029455_G_A,ABCA4,ENSG00000198691.14,0.0,chr1,94029455
1_94041303_G_A,ABCA4,ENSG00000198691.14,0.0,chr1,94041303
1_94042766_C_T,ABCA4,ENSG00000198691.14,0.0,chr1,94042766
1_94044641_A_G,ABCA4,ENSG00000198691.14,0.0,chr1,94044641
1_94046925_G_T,ABCA4,ENSG00000198691.14,0.0,chr1,94046925
1_94062156_T_C,ABCA4,ENSG00000198691.14,0.0,chr1,94062156
1_94062159_T_G,ABCA4,ENSG00000198691.14,0.0,chr1,94062159
1_94079406_G_A,ABCA4,ENSG00000198691.14,0.0,chr1,94079406
1_94081260_G_T,ABCA4,ENSG00000198691.14,0.0,chr1,94081260
1_94084225_G_A,ABCA4,ENSG00000198691.14,0.0,chr1,94084225
1_94101217_T_C,ABCA4,ENSG00000198691.14,0.0,chr1,94101217
1_94108702_T_A,ABCA4,ENSG00000198691.14,0.0,chr1,94108702
1_94111370_G_A,ABCA4,ENSG00000198691.14,0.0,chr1,94111370
1_94111613_A_C,ABCA4,ENSG00000198691.14,0.0,chr1,94111613
1_94112977_A_C,ABCA4,ENSG00000198691.14,0.0,chr1,94112977
1_94458047_G_T,ABCD3,ENSG00000117528.14,0.0,chr1,94458047
1_94509036_G_A,ABCD3,ENSG00000117528.14,0.0,chr1,94509036
1_9975660_C_A,NMNAT1,ENSG00000173614.14,0.0,chr1,9975660
10_100779551_G_C,PAX2,ENSG00000075891.24,0.0,chr10,100779551
10_100781282_C_G,PAX2,ENSG00000075891.24,0.0,chr10,100781282
10_102699437_T_A,ARL3,ENSG00000138175.9,0.0,chr10,102699437
10_102705425_A_C,ARL3,ENSG00000138175.9,0.0,chr10,102705425
10_103027373_T_C,CNNM2,ENSG00000148842.18,0.0,chr10,103027373
10_104214445_T_C,CFAP43,ENSG00000197748.13,0.0,chr10,104214445
10_109868696_C_T,XPNPEP1,ENSG00000108039.18,0.0,chr10,109868696
10_115120274_T_C,ATRNL1,ENSG00000107518.18,0.0,chr10,115120274
10_124401746_C_T,OAT,ENSG00000065154.12,0.0,chr10,124401746
10_124405488_G_T,OAT,ENSG00000065154.12,0.0,chr10,124405488
10_124408602_G_A,OAT,ENSG00000065154.12,0.0,chr10,124408602
10_12553331_G_A,CAMK1D,ENSG00000183049.14,0.0,chr10,12553331
10_129849301_T_C,EBF3,ENSG00000108001.16,0.0,chr10,129849301
10_13281011_T_C,PHYH,ENSG00000107537.14,0.0,chr10,13281011
10_26724052_G_C,PDSS1,ENSG00000148459.16,0.0,chr10,26724052
10_29563308_T_C,SVIL,ENSG00000197321.16,0.0,chr10,29563308
10_34470285_G_C,PARD3,ENSG00000148498.17,0.0,chr10,34470285
10_48814041_G_A,WDFY4,ENSG00000128815.20,0.0,chr10,48814041
10_49478812_T_C,ERCC6,ENSG00000225830.16,0.0,chr10,49478812
10_49493127_G_C,ERCC6,ENSG00000225830.16,0.0,chr10,49493127
10_60063117_C_T,ENSG00000232682,ENSG00000232682.3,0.0,chr10,60063117
10_69369461_T_C,HK1,ENSG00000156515.25,0.0,chr10,69369461
10_69394993_C_T,HK1,ENSG00000156515.25,0.0,chr10,69394993
10_71694205_C_T,CDH23,ENSG00000107736.22,0.0,chr10,71694205
10_71738656_C_A,CDH23,ENSG00000107736.22,0.0,chr10,71738656
10_71800667_G_A,CDH23,ENSG00000107736.22,0.0,chr10,71800667
10_71825892_C_G,PSAP,ENSG00000197746.15,0.0,chr10,71825892
10_77405967_G_C,KCNMA1,ENSG00000156113.25,0.0,chr10,77405967
10_79299059_A_G,ZMIZ1,ENSG00000108175.19,0.0,chr10,79299059
10_84204551_G_A,CDHR1,ENSG00000148600.15,0.0,chr10,84204551
10_84247653_C_T,RGR,ENSG00000148604.15,0.0,chr10,84247653
10_84248944_G_A,RGR,ENSG00000148604.15,0.0,chr10,84248944
10_86917134_G_T,BMPR1A,ENSG00000107779.16,0.0,chr10,86917134
10_92013991_A_G,BTAF1,ENSG00000095564.15,0.0,chr10,92013991
10_92606704_G_A,KIF11,ENSG00000138160.7,0.0,chr10,92606704
10_92609101_A_G,KIF11,ENSG00000138160.7,0.0,chr10,92609101
10_92630216_A_G,KIF11,ENSG00000138160.7,0.0,chr10,92630216
10_93621944_T_C,PDE6C,ENSG00000095464.10,0.0,chr10,93621944
10_93640972_C_T,PDE6C,ENSG00000095464.10,0.0,chr10,93640972
10_93658946_G_A,PDE6C,ENSG00000095464.10,0.0,chr10,93658946
10_93777401_G_A,LGI1,ENSG00000108231.14,0.0,chr10,93777401
10_97013968_G_A,SLIT1,ENSG00000187122.17,0.0,chr10,97013968
10_97024299_G_T,SLIT1,ENSG00000187122.17,0.0,chr10,97024299
10_97588369_T_G,HOGA1,ENSG00000241935.9,0.0,chr10,97588369
10_97606066_C_T,HOGA1,ENSG00000241935.9,0.0,chr10,97606066
11_103456289_C_T,DYNC2H1,ENSG00000187240.17,0.0,chr11,103456289
11_113255900_G_A,NCAM1,ENSG00000149294.18,0.0,chr11,113255900
11_117246932_T_G,RNF214,ENSG00000167257.11,0.0,chr11,117246932
11_117528284_A_C,DSCAML1,ENSG00000177103.15,0.0,chr11,117528284
11_117993379_T_C,IL10RA,ENSG00000110324.12,0.0,chr11,117993379
11_118655873_G_A,PHLDB1,ENSG00000019144.20,0.0,chr11,118655873
11_119020256_A_G,TRAPPC4,ENSG00000196655.12,0.0,chr11,119020256
11_119025697_G_A,SLC37A4,ENSG00000137700.19,0.0,chr11,119025697
11_119091414_G_A,HMBS,ENSG00000256269.11,0.0,chr11,119091414
11_123608793_C_T,GRAMD1B,ENSG00000023171.20,0.0,chr11,123608793
11_12879817_G_A,TEAD1,ENSG00000187079.20,0.0,chr11,12879817
11_12883129_A_G,TEAD1,ENSG00000187079.20,0.0,chr11,12883129
11_12902024_A_G,TEAD1,ENSG00000187079.20,0.0,chr11,12902024
11_17522881_G_C,USH1C,ENSG00000006611.17,0.0,chr11,17522881
11_17526434_C_T,USH1C,ENSG00000006611.17,0.0,chr11,17526434
11_1866266_C_T,LSP1,ENSG00000130592.17,0.0,chr11,1866266
11_1974754_G_T,MRPL23,ENSG00000214026.11,0.0,chr11,1974754
11_21825629_A_C,ANO5,ENSG00000171714.13,0.0,chr11,21825629
11_21831624_G_A,ANO5,ENSG00000171714.13,0.0,chr11,21831624
11_21843736_A_G,ANO5,ENSG00000171714.13,0.0,chr11,21843736
11_21894315_C_A,ANO5,ENSG00000171714.13,0.0,chr11,21894315
11_21896259_G_C,ANO5,ENSG00000171714.13,0.0,chr11,21896259
11_21930540_G_A,ANO5,ENSG00000171714.13,0.0,chr11,21930540
11_21931408_A_G,ANO5,ENSG00000171714.13,0.0,chr11,21931408
11_21955277_A_C,ANO5,ENSG00000171714.13,0.0,chr11,21955277
11_21964033_C_T,ANO5,ENSG00000171714.13,0.0,chr11,21964033
11_21972163_G_C,ANO5,ENSG00000171714.13,0.0,chr11,21972163
11_21991576_G_A,ANO5,ENSG00000171714.13,0.0,chr11,21991576
11_21998721_T_C,ANO5,ENSG00000171714.13,0.0,chr11,21998721
11_22095104_C_T,ANO5,ENSG00000171714.13,0.0,chr11,22095104
11_22170473_A_G,ANO5,ENSG00000171714.13,0.0,chr11,22170473
11_22175493_G_A,ANO5,ENSG00000171714.13,0.0,chr11,22175493
11_22182932_C_A,ANO5,ENSG00000171714.13,0.0,chr11,22182932
11_22236206_G_T,ANO5,ENSG00000171714.13,0.0,chr11,22236206
11_22246690_C_T,ANO5,ENSG00000171714.13,0.0,chr11,22246690
11_22267295_C_T,ANO5,ENSG00000171714.13,0.0,chr11,22267295
11_22276096_A_G,ANO5,ENSG00000171714.13,0.0,chr11,22276096
11_22278931_C_T,ANO5,ENSG00000171714.13,0.0,chr11,22278931
11_3129114_G_T,OSBPL5,ENSG00000021762.20,0.0,chr11,3129114
11_34090659_C_T,CAPRIN1,ENSG00000135387.21,0.0,chr11,34090659
11_4023916_A_G,STIM1,ENSG00000167323.13,0.0,chr11,4023916
11_4132592_T_C,RRM1,ENSG00000167325.15,0.0,chr11,4132592
11_47343086_G_A,MYBPC3,ENSG00000134571.12,0.0,chr11,47343086
11_47347065_C_T,MYBPC3,ENSG00000134571.12,0.0,chr11,47347065
11_5226820_C_T,HBB,ENSG00000244734.4,0.0,chr11,5226820
11_61955154_T_C,BEST1,ENSG00000167995.17,0.0,chr11,61955154
11_61956901_T_C,BEST1,ENSG00000167995.17,0.0,chr11,61956901
11_61959997_G_A,BEST1,ENSG00000167995.17,0.0,chr11,61959997
11_63081639_G_C,SLC22A24,ENSG00000197658.9,0.0,chr11,63081639
11_63164786_C_T,SLC22A25,ENSG00000196600.13,0.0,chr11,63164786
11_63304148_C_T,SLC22A10,ENSG00000184999.13,0.0,chr11,63304148
11_65096652_T_C,VPS51,ENSG00000149823.10,0.0,chr11,65096652
11_65107210_C_A,VPS51,ENSG00000149823.10,0.0,chr11,65107210
11_65609388_A_G,MAP3K11,ENSG00000173327.8,0.0,chr11,65609388
11_66507560_G_C,DPP3,ENSG00000254986.8,0.0,chr11,66507560
11_68365684_G_A,LRP5,ENSG00000162337.12,0.0,chr11,68365684
11_68411493_C_G,LRP5,ENSG00000162337.12,0.0,chr11,68411493
11_68416451_A_G,LRP5,ENSG00000162337.12,0.0,chr11,68416451
11_68425144_C_G,LRP5,ENSG00000162337.12,0.0,chr11,68425144
11_68917883_G_A,IGHMBP2,ENSG00000132740.10,0.0,chr11,68917883
11_77093743_G_A,CAPN5,ENSG00000149260.18,0.0,chr11,77093743
11_77112691_G_A,CAPN5,ENSG00000149260.18,0.0,chr11,77112691
11_77116249_G_T,CAPN5,ENSG00000149260.18,0.0,chr11,77116249
11_77118207_G_T,CAPN5,ENSG00000149260.18,0.0,chr11,77118207
11_77119075_A_G,CAPN5,ENSG00000149260.18,0.0,chr11,77119075
11_77201437_C_G,MYO7A,ENSG00000137474.23,0.0,chr11,77201437
11_77211162_A_G,MYO7A,ENSG00000137474.23,0.0,chr11,77211162
11_86315581_G_T,HIKESHI,ENSG00000149196.17,0.0,chr11,86315581
11_92806512_A_G,FAT3,ENSG00000165323.16,0.0,chr11,92806512
11_94136186_A_G,PANX1,ENSG00000110218.9,0.0,chr11,94136186
12_104311412_G_A,TXNRD1,ENSG00000198431.18,0.0,chr12,104311412
12_10629552_T_C,STYK1,ENSG00000060140.9,0.0,chr12,10629552
12_106432487_A_G,POLR3B,ENSG00000013503.10,0.0,chr12,106432487
12_106454496_A_G,POLR3B,ENSG00000013503.10,0.0,chr12,106454496
12_108565431_G_A,ISCU,ENSG00000136003.16,0.0,chr12,108565431
12_110325685_A_G,ATP2A2,ENSG00000174437.18,0.0,chr12,110325685
12_110619949_G_C,TCTN1,ENSG00000204852.17,0.0,chr12,110619949
12_111510385_C_T,ATXN2,ENSG00000204842.18,0.0,chr12,111510385
12_112406893_G_A,RPL6,ENSG00000089009.16,0.0,chr12,112406893
12_117484465_T_G,KSR2,ENSG00000171435.15,0.0,chr12,117484465
12_122224597_C_T,ENSG00000284934,ENSG00000284934.3,0.0,chr12,122224597
12_122545950_T_A,KNTC1,ENSG00000184445.12,0.0,chr12,122545950
12_123517592_T_C,RILPL1,ENSG00000188026.13,0.0,chr12,123517592
12_123672067_A_G,TCTN2,ENSG00000168778.13,0.0,chr12,123672067
12_123723148_G_A,ATP6V0A2,ENSG00000185344.15,0.0,chr12,123723148
12_131929445_G_A,PUS1-AS1,ENSG00000255992.2,0.0,chr12,131929445
12_132028603_A_G,EP400,ENSG00000183495.15,0.0,chr12,132028603
12_1631358_C_T,WNT5B,ENSG00000111186.13,0.0,chr12,1631358
12_1860202_C_T,CACNA2D4,ENSG00000151062.15,0.0,chr12,1860202
12_23546311_C_G,SOX5,ENSG00000134532.20,0.0,chr12,23546311
12_24082438_G_T,SOX5,ENSG00000134532.20,0.0,chr12,24082438
12_25245345_C_T,KRAS,ENSG00000133703.14,0.0,chr12,25245345
12_32680034_C_G,DNM1L,ENSG00000087470.21,0.0,chr12,32680034
12_32701433_G_A,DNM1L,ENSG00000087470.21,0.0,chr12,32701433
12_355263_G_C,KDM5A,ENSG00000073614.13,0.0,chr12,355263
12_39358361_C_T,KIF21A,ENSG00000139116.19,0.0,chr12,39358361
12_47980946_G_T,COL2A1,ENSG00000139219.19,0.0,chr12,47980946
12_47983088_C_T,COL2A1,ENSG00000139219.19,0.0,chr12,47983088
12_47984996_T_C,COL2A1,ENSG00000139219.19,0.0,chr12,47984996
12_47986382_C_G,COL2A1,ENSG00000139219.19,0.0,chr12,47986382
12_47996576_G_T,COL2A1,ENSG00000139219.19,0.0,chr12,47996576
12_49054901_T_C,KMT2D,ENSG00000167548.18,0.0,chr12,49054901
12_49129345_T_A,TUBA1B,ENSG00000123416.15,0.0,chr12,49129345
12_51919035_C_T,ACVRL1,ENSG00000139567.14,0.0,chr12,51919035
12_55716993_A_C,ENSG00000258311,ENSG00000258311.5,0.0,chr12,55716993
12_56165553_G_A,SMARCC2,ENSG00000139613.12,0.0,chr12,56165553
12_57796200_C_T,ENSG00000257921,ENSG00000257921.6,0.0,chr12,57796200
12_71626317_C_T,ZFC3H1,ENSG00000133858.17,0.0,chr12,71626317
12_88083105_T_C,CEP290,ENSG00000198707.17,0.0,chr12,88083105
12_88090725_T_C,CEP290,ENSG00000198707.17,0.0,chr12,88090725
12_88102900_T_G,CEP290,ENSG00000198707.17,0.0,chr12,88102900
12_88125343_A_C,CEP290,ENSG00000198707.17,0.0,chr12,88125343
12_88126418_A_T,CEP290,ENSG00000198707.17,0.0,chr12,88126418
12_88140998_T_G,CEP290,ENSG00000198707.17,0.0,chr12,88140998
12_89467661_A_G,ENSG00000286608,ENSG00000286608.3,0.0,chr12,89467661
12_89470361_C_T,ENSG00000286608,ENSG00000286608.3,0.0,chr12,89470361
12_89497247_C_T,POC1B,ENSG00000139323.14,0.0,chr12,89497247
12_94331747_T_A,CEP83,ENSG00000173588.16,0.0,chr12,94331747
12_94375992_C_T,CEP83,ENSG00000173588.16,0.0,chr12,94375992
12_95057819_C_A,NR2C1,ENSG00000120798.17,0.0,chr12,95057819
13_101089430_T_C,NALCN,ENSG00000102452.18,0.0,chr13,101089430
13_101110615_T_A,NALCN,ENSG00000102452.18,0.0,chr13,101110615
13_101229500_C_A,NALCN,ENSG00000102452.18,0.0,chr13,101229500
13_102623043_A_G,TPP2,ENSG00000134900.13,0.0,chr13,102623043
13_110167185_C_G,COL4A1,ENSG00000187498.17,0.0,chr13,110167185
13_110172728_C_A,COL4A1,ENSG00000187498.17,0.0,chr13,110172728
13_110210041_C_T,COL4A1,ENSG00000187498.17,0.0,chr13,110210041
13_110462115_G_C,COL4A2,ENSG00000134871.20,0.0,chr13,110462115
13_114238478_T_G,CDC16,ENSG00000130177.16,0.0,chr13,114238478
13_114291798_T_C,UPF3A,ENSG00000169062.15,0.0,chr13,114291798
13_20644891_G_T,IFT88,ENSG00000032742.18,0.0,chr13,20644891
13_23324473_G_A,SGCG,ENSG00000102683.8,0.0,chr13,23324473
13_23881729_G_T,MIPEP,ENSG00000027001.10,0.0,chr13,23881729
13_24859146_T_G,RNF17,ENSG00000132972.19,0.0,chr13,24859146
13_25564550_C_T,ATP8A2,ENSG00000132932.19,0.0,chr13,25564550
13_33127469_G_A,STARD13,ENSG00000133121.21,0.0,chr13,33127469
13_35208793_C_T,NBEA,ENSG00000172915.20,0.0,chr13,35208793
13_35546571_G_T,NBEA,ENSG00000172915.20,0.0,chr13,35546571
13_41891499_T_C,VWA8,ENSG00000102763.18,0.0,chr13,41891499
13_47954510_G_A,SUCLA2,ENSG00000136143.16,0.0,chr13,47954510
13_50945445_G_A,RNASEH2B,ENSG00000136104.22,0.0,chr13,50945445
13_51727709_G_A,WDFY2,ENSG00000139668.9,0.0,chr13,51727709
13_51944145_G_T,ATP7B,ENSG00000123191.18,0.0,chr13,51944145
13_51950132_C_T,ATP7B,ENSG00000123191.18,0.0,chr13,51950132
13_51968596_C_T,ATP7B,ENSG00000123191.18,0.0,chr13,51968596
13_77081800_T_G,ENSG00000283208,ENSG00000283208.2,0.0,chr13,77081800
13_77260496_C_G,MYCBP2,ENSG00000005810.20,0.0,chr13,77260496
14_100346802_T_C,ENSG00000258666,ENSG00000258666.1,0.0,chr14,100346802
14_101976741_C_T,DYNC1H1,ENSG00000197102.14,0.0,chr14,101976741
14_101994730_C_T,DYNC1H1,ENSG00000197102.14,0.0,chr14,101994730
14_105146689_C_T,JAG2,ENSG00000184916.9,0.0,chr14,105146689
14_21320111_A_G,RPGRIP1,ENSG00000092200.13,0.0,chr14,21320111
14_21320996_G_C,RPGRIP1,ENSG00000092200.13,0.0,chr14,21320996
14_21345109_A_G,RPGRIP1,ENSG00000092200.13,0.0,chr14,21345109
14_21360848_T_C,SUPT16H,ENSG00000092201.10,0.0,chr14,21360848
14_24098277_G_A,NRL,ENSG00000129535.13,0.0,chr14,24098277
14_31562125_G_A,NUBPL,ENSG00000151413.17,0.0,chr14,31562125
14_31850092_T_C,NUBPL,ENSG00000151413.17,0.0,chr14,31850092
14_33560085_A_G,NPAS3,ENSG00000151322.20,0.0,chr14,33560085
14_35266752_C_A,PRORP,ENSG00000100890.16,0.0,chr14,35266752
14_35679378_A_C,RALGAPA1,ENSG00000174373.17,0.0,chr14,35679378
14_45112508_A_G,PRPF39,ENSG00000185246.18,0.0,chr14,45112508
14_50181913_T_C,SOS2,ENSG00000100485.12,0.0,chr14,50181913
14_50592699_C_A,ATL1,ENSG00000198513.15,0.0,chr14,50592699
14_58432394_A_G,KIAA0586,ENSG00000100578.18,0.0,chr14,58432394
14_58470631_A_G,KIAA0586,ENSG00000100578.18,0.0,chr14,58470631
14_63998976_C_T,SYNE2,ENSG00000054654.20,0.0,chr14,63998976
14_64129906_G_A,SYNE2,ENSG00000054654.20,0.0,chr14,64129906
14_67724489_G_A,RDH12,ENSG00000139988.10,0.0,chr14,67724489
14_67726117_C_G,RDH12,ENSG00000139988.10,0.0,chr14,67726117
14_67729233_G_A,RDH12,ENSG00000139988.10,0.0,chr14,67729233
14_68893729_G_A,ACTN1,ENSG00000072110.17,0.0,chr14,68893729
14_75690311_C_T,TTLL5,ENSG00000119685.20,0.0,chr14,75690311
14_75707014_A_G,TTLL5,ENSG00000119685.20,0.0,chr14,75707014
14_75732394_G_A,TTLL5,ENSG00000119685.20,0.0,chr14,75732394
14_75745545_G_A,TTLL5,ENSG00000119685.20,0.0,chr14,75745545
14_77285481_C_G,POMT2,ENSG00000009830.13,0.0,chr14,77285481
14_80829622_T_A,CEP128,ENSG00000100629.17,0.0,chr14,80829622
14_88839480_T_C,TTC8,ENSG00000165533.19,0.0,chr14,88839480
14_88861297_G_A,TTC8,ENSG00000165533.19,0.0,chr14,88861297
14_88872336_G_A,TTC8,ENSG00000165533.19,0.0,chr14,88872336
14_91291916_G_C,CCDC88C,ENSG00000015133.20,0.0,chr14,91291916
14_93326671_G_A,BTBD7,ENSG00000011114.15,0.0,chr14,93326671
14_96856106_A_G,VRK1,ENSG00000100749.9,0.0,chr14,96856106
15_26590269_C_G,GABRB3,ENSG00000166206.16,0.0,chr15,26590269
15_27844966_A_T,OCA2,ENSG00000104044.16,0.0,chr15,27844966
15_28130212_G_T,HERC2,ENSG00000128731.18,0.0,chr15,28130212
15_28132266_A_C,HERC2,ENSG00000128731.18,0.0,chr15,28132266
15_28175611_G_A,HERC2,ENSG00000128731.18,0.0,chr15,28175611
15_31031157_T_G,ENSG00000259720,ENSG00000259720.2,0.0,chr15,31031157
15_31035593_T_G,ENSG00000259720,ENSG00000259720.2,0.0,chr15,31035593
15_31047182_C_T,TRPM1,ENSG00000134160.17,0.0,chr15,31047182
15_31063159_C_T,TRPM1,ENSG00000134160.17,0.0,chr15,31063159
15_31070051_C_T,TRPM1,ENSG00000134160.17,0.0,chr15,31070051
15_31388854_C_CT,KLF13,ENSG00000169926.11,0.0,chr15,31388854
15_38511629_G_C,RASGRP1,ENSG00000172575.14,0.0,chr15,38511629
15_41987089_T_C,PLA2G4E-AS1,ENSG00000246740.3,0.0,chr15,41987089
15_42362740_A_G,ENSG00000258461,ENSG00000258461.5,0.0,chr15,42362740
15_42370421_G_A,ENSG00000258461,ENSG00000258461.5,0.0,chr15,42370421
15_42380756_T_A,ENSG00000258461,ENSG00000258461.5,0.0,chr15,42380756
15_42389964_C_G,ENSG00000258461,ENSG00000258461.5,0.0,chr15,42389964
15_43337383_A_G,ADAL,ENSG00000168803.16,0.0,chr15,43337383
15_44573548_T_C,SPG11,ENSG00000104133.16,0.0,chr15,44573548
15_44627005_A_C,SPG11,ENSG00000104133.16,0.0,chr15,44627005
15_48610977_T_C,FBN1,ENSG00000166147.16,0.0,chr15,48610977
15_49575088_T_C,FAM227B,ENSG00000166262.16,0.0,chr15,49575088
15_49630993_T_G,DTWD1,ENSG00000104047.15,0.0,chr15,49630993
15_51236901_A_C,MIR4713HG,ENSG00000259240.2,0.0,chr15,51236901
15_52323426_C_T,MYO5A,ENSG00000197535.16,0.0,chr15,52323426
15_57961220_G_A,ALDH1A2,ENSG00000128918.15,0.0,chr15,57961220
15_61856405_C_T,ENSG00000259564,ENSG00000259564.3,0.0,chr15,61856405
15_62023806_G_A,VPS13C,ENSG00000129003.19,0.0,chr15,62023806
15_62840606_G_A,TLN2,ENSG00000171914.17,0.0,chr15,62840606
15_63661047_T_C,HERC1,ENSG00000103657.14,0.0,chr15,63661047
15_63749694_A_G,HERC1,ENSG00000103657.14,0.0,chr15,63749694
15_68214373_C_G,ENSG00000260007,ENSG00000260007.3,0.0,chr15,68214373
15_70687643_C_T,UACA,ENSG00000137831.15,0.0,chr15,70687643
15_71811481_A_C,NR2E3,ENSG00000278570.5,0.0,chr15,71811481
15_71812410_G_A,NR2E3,ENSG00000278570.5,0.0,chr15,71812410
15_72319777_T_G,ENSG00000273025,ENSG00000273025.1,0.0,chr15,72319777
15_72712276_G_A,BBS4,ENSG00000140463.15,0.0,chr15,72712276
15_78160180_T_C,IDH3A,ENSG00000166411.14,0.0,chr15,78160180
15_78165000_G_A,IDH3A,ENSG00000166411.14,0.0,chr15,78165000
15_78493937_G_A,IREB2,ENSG00000136381.13,0.0,chr15,78493937
15_78540983_C_G,PSMA4,ENSG00000041357.16,0.0,chr15,78540983
15_89193145_A_G,ABHD2,ENSG00000140526.18,0.0,chr15,89193145
15_89211882_A_C,RLBP1,ENSG00000140522.12,0.0,chr15,89211882
15_89621553_A_G,TICRR,ENSG00000140534.14,0.0,chr15,89621553
15_89633170_C_T,KIF7,ENSG00000166813.17,0.0,chr15,89633170
15_89633693_C_T,KIF7,ENSG00000166813.17,0.0,chr15,89633693
15_99105803_T_C,SYNM-AS1,ENSG00000259475.2,0.0,chr15,99105803
16_1213862_C_T,CACNA1H,ENSG00000196557.14,0.0,chr16,1213862
16_138336_T_A,NPRL3,ENSG00000103148.17,0.0,chr16,138336
16_1523951_G_A,IFT140,ENSG00000187535.14,0.0,chr16,1523951
16_1557959_A_G,IFT140,ENSG00000187535.14,0.0,chr16,1557959
16_1562047_G_A,IFT140,ENSG00000187535.14,0.0,chr16,1562047
16_1571413_G_A,IFT140,ENSG00000187535.14,0.0,chr16,1571413
16_1580781_C_T,IFT140,ENSG00000187535.14,0.0,chr16,1580781
16_1589791_A_C,IFT140,ENSG00000187535.14,0.0,chr16,1589791
16_16178854_C_A,ABCC6,ENSG00000091262.17,0.0,chr16,16178854
16_16187154_C_T,ABCC6,ENSG00000091262.17,0.0,chr16,16187154
16_16198101_G_C,ABCC6,ENSG00000091262.17,0.0,chr16,16198101
16_16202006_T_C,ABCC6,ENSG00000091262.17,0.0,chr16,16202006
16_1960711_G_C,NDUFB10,ENSG00000140990.15,0.0,chr16,1960711
16_2076129_C_T,TSC2,ENSG00000103197.20,0.0,chr16,2076129
16_2078060_T_C,TSC2,ENSG00000103197.20,0.0,chr16,2078060
16_27769940_A_T,KATNIP,ENSG00000047578.14,0.0,chr16,27769940
16_27777769_A_G,KATNIP,ENSG00000047578.14,0.0,chr16,27777769
16_28937518_C_T,CD19,ENSG00000177455.15,0.0,chr16,28937518
16_2971297_A_C,PKMYT1,ENSG00000127564.17,0.0,chr16,2971297
16_3247980_C_T,MEFV,ENSG00000103313.14,0.0,chr16,3247980
16_3745274_C_A,CREBBP,ENSG00000005339.15,0.0,chr16,3745274
16_4447013_C_T,DNAJA3,ENSG00000103423.14,0.0,chr16,4447013
16_4448736_C_A,DNAJA3,ENSG00000103423.14,0.0,chr16,4448736
16_46608313_C_T,SHCBP1,ENSG00000171241.9,0.0,chr16,46608313
16_49730805_G_T,ZNF423,ENSG00000102935.12,0.0,chr16,49730805
16_5075431_G_A,ALG1,ENSG00000033011.14,0.0,chr16,5075431
16_53641349_C_A,RPGRIP1L,ENSG00000103494.16,0.0,chr16,53641349
16_53658451_T_C,RPGRIP1L,ENSG00000103494.16,0.0,chr16,53658451
16_53672989_C_T,RPGRIP1L,ENSG00000103494.16,0.0,chr16,53672989
16_53687867_T_C,RPGRIP1L,ENSG00000103494.16,0.0,chr16,53687867
16_53696210_C_A,RPGRIP1L,ENSG00000103494.16,0.0,chr16,53696210
16_56502435_G_A,BBS2,ENSG00000125124.14,0.0,chr16,56502435
16_56502742_C_T,BBS2,ENSG00000125124.14,0.0,chr16,56502742
16_56511142_T_C,BBS2,ENSG00000125124.14,0.0,chr16,56511142
16_56879657_C_T,SLC12A3,ENSG00000070915.10,0.0,chr16,56879657
16_57897859_C_A,CNGB1,ENSG00000070729.14,0.0,chr16,57897859
16_57904726_C_T,CNGB1,ENSG00000070729.14,0.0,chr16,57904726
16_57920382_C_T,CNGB1,ENSG00000070729.14,0.0,chr16,57920382
16_57940256_C_T,CNGB1,ENSG00000070729.14,0.0,chr16,57940256
16_58709596_T_G,GOT2,ENSG00000125166.13,0.0,chr16,58709596
16_66526537_C_T,TK2,ENSG00000166548.17,0.0,chr16,66526537
16_67201569_T_G,ELMO3,ENSG00000102890.16,0.0,chr16,67201569
16_68049553_G_C,DUS2,ENSG00000167264.18,0.0,chr16,68049553
16_68054574_G_A,DUS2,ENSG00000167264.18,0.0,chr16,68054574
16_68678222_C_T,CDH3,ENSG00000062038.15,0.0,chr16,68678222
16_68678517_A_G,CDH3,ENSG00000062038.15,0.0,chr16,68678517
16_70271927_G_C,AARS1,ENSG00000090861.17,0.0,chr16,70271927
16_72100517_G_C,DHX38,ENSG00000140829.12,0.0,chr16,72100517
16_72787211_T_C,ZFHX3-AS1,ENSG00000259768.9,0.0,chr16,72787211
16_72796678_G_A,ZFHX3-AS1,ENSG00000259768.9,0.0,chr16,72796678
16_736403_A_C,CIAO3,ENSG00000103245.14,0.0,chr16,736403
16_77293239_C_T,ENSG00000260922,ENSG00000260922.2,0.0,chr16,77293239
16_77300296_C_G,ADAMTS18,ENSG00000140873.16,0.0,chr16,77300296
16_77364324_G_T,ADAMTS18,ENSG00000140873.16,0.0,chr16,77364324
16_78109772_T_G,WWOX,ENSG00000186153.19,0.0,chr16,78109772
16_78164255_C_T,WWOX,ENSG00000186153.19,0.0,chr16,78164255
16_78641221_A_C,WWOX,ENSG00000186153.19,0.0,chr16,78641221
16_8642513_C_T,METTL22,ENSG00000067365.15,0.0,chr16,8642513
16_88714233_G_T,CTU2,ENSG00000174177.13,0.0,chr16,88714233
16_89526754_G_C,SPG7,ENSG00000197912.16,0.0,chr16,89526754
16_90023443_G_A,GAS8,ENSG00000141013.17,0.0,chr16,90023443
17_10451346_G_A,MYHAS,ENSG00000272975.3,0.0,chr17,10451346
17_10529700_G_A,MYHAS,ENSG00000272975.3,0.0,chr17,10529700
17_1470223_C_T,MYO1C,ENSG00000197879.17,0.0,chr17,1470223
17_16098444_G_C,NCOR1,ENSG00000141027.23,0.0,chr17,16098444
17_1651123_T_C,PRPF8,ENSG00000174231.18,0.0,chr17,1651123
17_1651409_C_T,PRPF8,ENSG00000174231.18,0.0,chr17,1651409
17_1655407_A_G,PRPF8,ENSG00000174231.18,0.0,chr17,1655407
17_1656393_G_A,PRPF8,ENSG00000174231.18,0.0,chr17,1656393
17_1659467_A_C,PRPF8,ENSG00000174231.18,0.0,chr17,1659467
17_1660418_C_T,PRPF8,ENSG00000174231.18,0.0,chr17,1660418
17_1675147_C_T,PRPF8,ENSG00000174231.18,0.0,chr17,1675147
17_1675976_C_A,PRPF8,ENSG00000174231.18,0.0,chr17,1675976
17_1676971_C_T,PRPF8,ENSG00000174231.18,0.0,chr17,1676971
17_1678524_G_A,PRPF8,ENSG00000174231.18,0.0,chr17,1678524
17_1679648_C_A,PRPF8,ENSG00000174231.18,0.0,chr17,1679648
17_1683636_C_T,PRPF8,ENSG00000174231.18,0.0,chr17,1683636
17_19003591_T_G,SLC5A10,ENSG00000154025.16,0.0,chr17,19003591
17_2292552_C_A,SMG6,ENSG00000070366.14,0.0,chr17,2292552
17_2364061_G_A,SGSM2,ENSG00000141258.13,0.0,chr17,2364061
17_28370271_C_T,ENSG00000258924,ENSG00000258924.4,0.0,chr17,28370271
17_28737466_G_A,NEK8,ENSG00000160602.14,0.0,chr17,28737466
17_31261728_G_A,NF1,ENSG00000196712.20,0.0,chr17,31261728
17_31993878_A_T,SUZ12,ENSG00000178691.12,0.0,chr17,31993878
17_37111627_G_C,ACACA,ENSG00000278540.5,0.0,chr17,37111627
17_38739601_G_A,PCGF2,ENSG00000277258.5,0.0,chr17,38739601
17_3951385_C_T,ATP2A3,ENSG00000074370.19,0.0,chr17,3951385
17_39922902_T_C,ORMDL3,ENSG00000172057.10,0.0,chr17,39922902
17_42114998_T_A,KAT2A,ENSG00000108773.11,0.0,chr17,42114998
17_42554185_C_T,ENSG00000266929,ENSG00000266929.1,0.0,chr17,42554185
17_47974691_G_A,ENSG00000263798,ENSG00000263798.2,0.0,chr17,47974691
17_58210729_G_T,MKS1,ENSG00000011143.19,0.0,chr17,58210729
17_58212983_T_C,MKS1,ENSG00000011143.19,0.0,chr17,58212983
17_58218727_A_G,MKS1,ENSG00000011143.19,0.0,chr17,58218727
17_60158297_A_G,CA4,ENSG00000167434.10,0.0,chr17,60158297
17_6426594_C_T,AIPL1,ENSG00000129221.16,0.0,chr17,6426594
17_6428406_A_T,AIPL1,ENSG00000129221.16,0.0,chr17,6428406
17_64492759_T_C,MILR1,ENSG00000271605.7,0.0,chr17,64492759
17_6468237_C_G,PITPNM3,ENSG00000091622.16,0.0,chr17,6468237
17_6471774_G_A,PITPNM3,ENSG00000091622.16,0.0,chr17,6471774
17_6474459_G_A,PITPNM3,ENSG00000091622.16,0.0,chr17,6474459
17_6477084_C_A,PITPNM3,ENSG00000091622.16,0.0,chr17,6477084
17_6478049_T_C,PITPNM3,ENSG00000091622.16,0.0,chr17,6478049
17_6478722_C_T,PITPNM3,ENSG00000091622.16,0.0,chr17,6478722
17_6484211_C_T,PITPNM3,ENSG00000091622.16,0.0,chr17,6484211
17_65750923_T_C,CEP112,ENSG00000154240.18,0.0,chr17,65750923
17_6610049_G_A,KIAA0753,ENSG00000198920.11,0.0,chr17,6610049
17_68343669_G_A,ARSG,ENSG00000141337.13,0.0,chr17,68343669
17_68385085_C_T,ARSG,ENSG00000141337.13,0.0,chr17,68385085
17_7192961_C_T,DLG4,ENSG00000132535.23,0.0,chr17,7192961
17_75214884_A_G,NUP85,ENSG00000125450.11,0.0,chr17,75214884
17_75447414_T_A,TMEM94,ENSG00000177728.17,0.0,chr17,75447414
17_75450151_C_T,TMEM94,ENSG00000177728.17,0.0,chr17,75450151
17_75752487_G_A,ITGB4,ENSG00000132470.14,0.0,chr17,75752487
17_78566694_T_C,DNAH17,ENSG00000187775.17,0.0,chr17,78566694
17_8007086_G_A,GUCY2D,ENSG00000132518.7,0.0,chr17,8007086
17_8007947_G_A,GUCY2D,ENSG00000132518.7,0.0,chr17,8007947
17_8009509_G_A,GUCY2D,ENSG00000132518.7,0.0,chr17,8009509
17_80139739_G_A,ENSG00000275479,ENSG00000275479.2,0.0,chr17,80139739
17_81239949_C_T,NDUFAF8,ENSG00000224877.4,0.0,chr17,81239949
17_82625385_T_C,FOXK2,ENSG00000141568.21,0.0,chr17,82625385
17_8478421_C_G,NDEL1,ENSG00000166579.16,0.0,chr17,8478421
17_969564_A_G,NXN,ENSG00000167693.17,0.0,chr17,969564
18_12340306_C_T,TUBB6,ENSG00000176014.13,0.0,chr18,12340306
18_13001489_A_G,CEP192,ENSG00000101639.19,0.0,chr18,13001489
18_13068890_G_C,CEP192,ENSG00000101639.19,0.0,chr18,13068890
18_23516366_C_G,RMC1,ENSG00000141452.11,0.0,chr18,23516366
18_37575747_A_T,ENSG00000285940,ENSG00000285940.5,0.0,chr18,37575747
18_44681653_A_G,SETBP1,ENSG00000152217.20,0.0,chr18,44681653
18_49490622_T_C,RPL17-C18orf32,ENSG00000215472.10,0.0,chr18,49490622
18_55269828_C_A,TCF4,ENSG00000196628.20,0.0,chr18,55269828
18_57606686_T_G,NARS1,ENSG00000134440.12,0.0,chr18,57606686
18_58747562_T_C,MALT1,ENSG00000172175.16,0.0,chr18,58747562
18_61935483_G_A,PIGN,ENSG00000197563.11,0.0,chr18,61935483
18_61942426_G_T,PIGN,ENSG00000197563.11,0.0,chr18,61942426
18_61942864_G_A,PIGN,ENSG00000197563.11,0.0,chr18,61942864
18_61951882_T_A,PIGN,ENSG00000197563.11,0.0,chr18,61951882
18_61965099_C_T,PIGN,ENSG00000197563.11,0.0,chr18,61965099
18_61971727_T_C,PIGN,ENSG00000197563.11,0.0,chr18,61971727
18_62006949_C_T,PIGN,ENSG00000197563.11,0.0,chr18,62006949
18_62108807_C_T,PIGN,ENSG00000197563.11,0.0,chr18,62108807
18_62167236_A_C,PIGN,ENSG00000197563.11,0.0,chr18,62167236
18_62172550_C_T,PIGN,ENSG00000197563.11,0.0,chr18,62172550
18_7040234_T_C,LAMA1,ENSG00000101680.16,0.0,chr18,7040234
19_10798543_C_T,DNM2,ENSG00000079805.19,0.0,chr19,10798543
19_10817433_C_G,DNM2,ENSG00000079805.19,0.0,chr19,10817433
19_11400283_C_T,RGL3,ENSG00000205517.13,0.0,chr19,11400283
19_12865702_C_T,HOOK2,ENSG00000095066.12,0.0,chr19,12865702
19_13913270_G_A,CC2D1A,ENSG00000132024.18,0.0,chr19,13913270
19_1460169_G_A,APC2,ENSG00000115266.12,0.0,chr19,1460169
19_16788960_C_G,NWD1,ENSG00000188039.17,0.0,chr19,16788960
19_18123624_T_C,MAST3,ENSG00000099308.13,0.0,chr19,18123624
19_1820733_C_T,REXO1,ENSG00000079313.15,0.0,chr19,1820733
19_18856275_G_A,UPF1,ENSG00000005007.14,0.0,chr19,18856275
19_19345329_G_A,MAU2,ENSG00000129933.21,0.0,chr19,19345329
19_35019375_G_A,GRAMD1A,ENSG00000089351.15,0.0,chr19,35019375
19_35156833_T_C,FXYD5,ENSG00000089327.16,0.0,chr19,35156833
19_35843579_G_A,NPHS1,ENSG00000161270.20,0.0,chr19,35843579
19_3765336_G_A,MRPL54,ENSG00000183617.5,0.0,chr19,3765336
19_3767358_C_T,MRPL54,ENSG00000183617.5,0.0,chr19,3767358
19_38455269_G_A,RYR1,ENSG00000196218.15,0.0,chr19,38455269
19_38466985_A_G,RYR1,ENSG00000196218.15,0.0,chr19,38466985
19_38516172_A_G,RYR1,ENSG00000196218.15,0.0,chr19,38516172
19_38530950_A_G,RYR1,ENSG00000196218.15,0.0,chr19,38530950
19_38536758_C_T,RYR1,ENSG00000196218.15,0.0,chr19,38536758
19_38573304_C_T,RYR1,ENSG00000196218.15,0.0,chr19,38573304
19_38584940_C_G,RYR1,ENSG00000196218.15,0.0,chr19,38584940
19_42065224_G_A,GRIK5,ENSG00000105737.10,0.0,chr19,42065224
19_4683269_A_G,DPP9,ENSG00000142002.19,0.0,chr19,4683269
19_46998425_C_G,ARHGAP35,ENSG00000160007.20,0.0,chr19,46998425
19_49745269_G_A,TSKS,ENSG00000126467.11,0.0,chr19,49745269
19_54128061_C_A,PRPF31,ENSG00000105618.14,0.0,chr19,54128061
19_54130027_A_G,PRPF31,ENSG00000105618.14,0.0,chr19,54130027
19_5776176_C_T,CATSPERD,ENSG00000174898.16,0.0,chr19,5776176
19_6364604_C_T,CLPP,ENSG00000125656.12,0.0,chr19,6364604
19_7529625_C_T,MCOLN1,ENSG00000090674.16,0.0,chr19,7529625
19_7556459_A_G,PNPLA6,ENSG00000032444.17,0.0,chr19,7556459
19_7557182_T_C,PNPLA6,ENSG00000032444.17,0.0,chr19,7557182
19_8910420_G_T,MUC16,ENSG00000181143.17,0.0,chr19,8910420
19_9991654_C_T,COL5A3,ENSG00000080573.7,0.0,chr19,9991654
2_100063252_C_A,AFF3,ENSG00000144218.21,0.0,chr2,100063252
2_109431373_T_A,SH3RF3,ENSG00000172985.11,0.0,chr2,109431373
2_111944992_C_G,MERTK,ENSG00000153208.19,0.0,chr2,111944992
2_111947544_C_T,MERTK,ENSG00000153208.19,0.0,chr2,111947544
2_112008483_C_G,MERTK,ENSG00000153208.19,0.0,chr2,112008483
2_112019461_G_A,MERTK,ENSG00000153208.19,0.0,chr2,112019461
2_112022270_G_A,MERTK,ENSG00000153208.19,0.0,chr2,112022270
2_1146913_A_G,SNTG2,ENSG00000172554.12,0.0,chr2,1146913
2_1181593_T_A,SNTG2,ENSG00000172554.12,0.0,chr2,1181593
2_119464174_C_G,SCTR,ENSG00000080293.10,0.0,chr2,119464174
2_119901668_G_T,PTPN4,ENSG00000088179.9,0.0,chr2,119901668
2_119920093_G_A,PTPN4,ENSG00000088179.9,0.0,chr2,119920093
2_130164374_C_G,SMPD4,ENSG00000136699.20,0.0,chr2,130164374
2_135632017_T_G,R3HDM1,ENSG00000048991.18,0.0,chr2,135632017
2_144141967_C_T,GTDC1,ENSG00000121964.15,0.0,chr2,144141967
2_151664754_C_T,NEB,ENSG00000183091.21,0.0,chr2,151664754
2_151681578_T_C,NEB,ENSG00000183091.21,0.0,chr2,151681578
2_151706876_C_T,NEB,ENSG00000183091.21,0.0,chr2,151706876
2_165380688_A_T,SCN2A,ENSG00000136531.19,0.0,chr2,165380688
2_166278255_T_C,SCN1A-AS1,ENSG00000236107.12,0.0,chr2,166278255
2_169140516_G_C,LRP2,ENSG00000081479.15,0.0,chr2,169140516
2_169162489_G_A,LRP2,ENSG00000081479.15,0.0,chr2,169162489
2_169169755_A_C,LRP2,ENSG00000081479.15,0.0,chr2,169169755
2_169205608_T_C,LRP2,ENSG00000081479.15,0.0,chr2,169205608
2_169492916_A_T,BBS5,ENSG00000163093.12,0.0,chr2,169492916
2_170400318_A_G,MYO3B,ENSG00000071909.19,0.0,chr2,170400318
2_171007045_G_C,TLK1,ENSG00000198586.14,0.0,chr2,171007045
2_175939985_G_C,LNPK,ENSG00000144320.14,0.0,chr2,175939985
2_178532118_C_G,TTN-AS1,ENSG00000237298.12,0.0,chr2,178532118
2_178545885_G_A,TTN-AS1,ENSG00000237298.12,0.0,chr2,178545885
2_178546102_A_G,TTN-AS1,ENSG00000237298.12,0.0,chr2,178546102
2_178733124_G_C,TTN-AS1,ENSG00000237298.12,0.0,chr2,178733124
2_178735633_A_G,TTN-AS1,ENSG00000237298.12,0.0,chr2,178735633
2_178793419_G_C,TTN,ENSG00000155657.29,0.0,chr2,178793419
2_181539107_G_A,CERKL,ENSG00000188452.15,0.0,chr2,181539107
2_181547613_C_G,CERKL,ENSG00000188452.15,0.0,chr2,181547613
2_181549657_G_A,CERKL,ENSG00000188452.15,0.0,chr2,181549657
2_181573777_C_A,CERKL,ENSG00000188452.15,0.0,chr2,181573777
2_188974888_C_G,ENSG00000304419,ENSG00000304419.1,0.0,chr2,188974888
2_188985655_T_C,COL3A1,ENSG00000168542.18,0.0,chr2,188985655
2_189571799_T_C,SLC40A1,ENSG00000138449.11,0.0,chr2,189571799
2_190363929_C_T,INPP1,ENSG00000151689.13,0.0,chr2,190363929
2_200897214_G_C,NIF3L1,ENSG00000196290.17,0.0,chr2,200897214
2_207466061_A_C,MYOSLID-AS1,ENSG00000223725.7,0.0,chr2,207466061
2_210575171_T_C,CPS1,ENSG00000021826.18,0.0,chr2,210575171
2_218385122_A_C,SLC11A1,ENSG00000018280.18,0.0,chr2,218385122
2_219003971_C_T,ENSG00000224090,ENSG00000224090.2,0.0,chr2,219003971
2_229807790_T_C,TRIP12,ENSG00000153827.15,0.0,chr2,229807790
2_231166446_A_G,PSMD1,ENSG00000173692.14,0.0,chr2,231166446
2_231206294_G_T,ARMC9,ENSG00000135931.19,0.0,chr2,231206294
2_23830497_C_T,ATAD2B,ENSG00000119778.15,0.0,chr2,23830497
2_238352883_A_G,TRAF3IP1,ENSG00000204104.12,0.0,chr2,238352883
2_24055032_A_G,MFSD2B,ENSG00000205639.12,0.0,chr2,24055032
2_241755042_C_T,D2HGDH,ENSG00000180902.18,0.0,chr2,241755042
2_25243921_G_C,DNMT3A,ENSG00000119772.19,0.0,chr2,25243921
2_27055141_C_G,AGBL5,ENSG00000084693.16,0.0,chr2,27055141
2_27067512_G_A,AGBL5,ENSG00000084693.16,0.0,chr2,27067512
2_27069577_G_T,AGBL5,ENSG00000084693.16,0.0,chr2,27069577
2_27231477_T_C,CAD,ENSG00000084774.14,0.0,chr2,27231477
2_27446251_C_G,KRTCAP3,ENSG00000157992.12,0.0,chr2,27446251
2_27447806_C_T,IFT172,ENSG00000138002.16,0.0,chr2,27447806
2_27449321_G_C,IFT172,ENSG00000138002.16,0.0,chr2,27449321
2_27453673_G_C,IFT172,ENSG00000138002.16,0.0,chr2,27453673
2_27459485_G_A,IFT172,ENSG00000138002.16,0.0,chr2,27459485
2_28625001_C_T,PLB1,ENSG00000163803.13,0.0,chr2,28625001
2_32136609_G_C,SPAST,ENSG00000021574.15,0.0,chr2,32136609
2_32141906_G_A,SPAST,ENSG00000021574.15,0.0,chr2,32141906
2_48465490_A_G,PPP1R21,ENSG00000162869.16,0.0,chr2,48465490
2_48479482_A_G,PPP1R21,ENSG00000162869.16,0.0,chr2,48479482
2_49943733_T_A,NRXN1,ENSG00000179915.25,0.0,chr2,49943733
2_54964615_A_C,EML6,ENSG00000214595.13,0.0,chr2,54964615
2_55336768_A_T,PRORSD1P,ENSG00000162997.16,0.0,chr2,55336768
2_55667862_C_G,PNPT1,ENSG00000138035.15,0.0,chr2,55667862
2_55870737_C_T,EFEMP1,ENSG00000115380.20,0.0,chr2,55870737
2_55871019_A_G,EFEMP1,ENSG00000115380.20,0.0,chr2,55871019
2_55877828_T_G,EFEMP1,ENSG00000115380.20,0.0,chr2,55877828
2_55881595_T_C,EFEMP1,ENSG00000115380.20,0.0,chr2,55881595
2_55918231_G_T,EFEMP1,ENSG00000115380.20,0.0,chr2,55918231
2_63486543_C_T,WDPCP,ENSG00000143951.16,0.0,chr2,63486543
2_63711592_C_G,WDPCP,ENSG00000143951.16,0.0,chr2,63711592
2_65018655_T_A,LINC02245,ENSG00000237638.4,0.0,chr2,65018655
2_69356515_C_T,GFPT1,ENSG00000198380.13,0.0,chr2,69356515
2_71515747_A_G,DYSF,ENSG00000135636.16,0.0,chr2,71515747
2_71659033_G_T,DYSF,ENSG00000135636.16,0.0,chr2,71659033
2_71682597_C_T,DYSF,ENSG00000135636.16,0.0,chr2,71682597
2_73422859_A_G,ALMS1,ENSG00000116127.20,0.0,chr2,73422859
2_73608529_A_T,ALMS1,ENSG00000116127.20,0.0,chr2,73608529
2_74073606_C_T,TET3,ENSG00000187605.17,0.0,chr2,74073606
2_88091038_T_A,SMYD1,ENSG00000115593.15,0.0,chr2,88091038
2_96275352_G_A,SNRNP200,ENSG00000144028.15,0.0,chr2,96275352
2_96277136_G_A,SNRNP200,ENSG00000144028.15,0.0,chr2,96277136
2_96278295_T_C,SNRNP200,ENSG00000144028.15,0.0,chr2,96278295
2_96278863_A_G,SNRNP200,ENSG00000144028.15,0.0,chr2,96278863
2_96281880_C_A,SNRNP200,ENSG00000144028.15,0.0,chr2,96281880
2_96283240_G_A,SNRNP200,ENSG00000144028.15,0.0,chr2,96283240
2_96285248_G_C,SNRNP200,ENSG00000144028.15,0.0,chr2,96285248
2_96286328_T_C,SNRNP200,ENSG00000144028.15,0.0,chr2,96286328
2_96286697_G_A,SNRNP200,ENSG00000144028.15,0.0,chr2,96286697
2_96287024_G_T,SNRNP200,ENSG00000144028.15,0.0,chr2,96287024
2_96288688_A_C,SNRNP200,ENSG00000144028.15,0.0,chr2,96288688
2_96289255_G_C,SNRNP200,ENSG00000144028.15,0.0,chr2,96289255
2_96290403_T_C,SNRNP200,ENSG00000144028.15,0.0,chr2,96290403
2_96290688_A_G,SNRNP200,ENSG00000144028.15,0.0,chr2,96290688
2_96291454_C_T,SNRNP200,ENSG00000144028.15,0.0,chr2,96291454
2_96291829_T_G,SNRNP200,ENSG00000144028.15,0.0,chr2,96291829
2_96293085_C_A,SNRNP200,ENSG00000144028.15,0.0,chr2,96293085
2_96293322_T_C,SNRNP200,ENSG00000144028.15,0.0,chr2,96293322
2_96295537_C_T,SNRNP200,ENSG00000144028.15,0.0,chr2,96295537
2_96296612_T_C,SNRNP200,ENSG00000144028.15,0.0,chr2,96296612
2_96296986_G_A,SNRNP200,ENSG00000144028.15,0.0,chr2,96296986
2_96297433_C_T,SNRNP200,ENSG00000144028.15,0.0,chr2,96297433
2_96298808_G_A,SNRNP200,ENSG00000144028.15,0.0,chr2,96298808
2_96299349_G_A,SNRNP200,ENSG00000144028.15,0.0,chr2,96299349
2_96301017_T_C,SNRNP200,ENSG00000144028.15,0.0,chr2,96301017
2_96303215_T_G,SNRNP200,ENSG00000144028.15,0.0,chr2,96303215
2_96304738_G_T,SNRNP200,ENSG00000144028.15,0.0,chr2,96304738
2_96797103_C_A,CNNM4,ENSG00000158158.12,0.0,chr2,96797103
2_97204261_C_G,ANKRD36,ENSG00000135976.21,0.0,chr2,97204261
2_98380248_T_A,CNGA3,ENSG00000144191.12,0.0,chr2,98380248
2_98389752_A_G,CNGA3,ENSG00000144191.12,0.0,chr2,98389752
2_98391884_A_G,CNGA3,ENSG00000144191.12,0.0,chr2,98391884
2_99424879_G_C,REV1,ENSG00000135945.10,0.0,chr2,99424879
2_99754133_T_C,AFF3,ENSG00000144218.21,0.0,chr2,99754133
20_10640863_C_G,JAG1,ENSG00000101384.12,0.0,chr20,10640863
20_10646035_G_C,JAG1,ENSG00000101384.12,0.0,chr20,10646035
20_10648026_G_C,JAG1,ENSG00000101384.12,0.0,chr20,10648026
20_10651581_T_C,JAG1,ENSG00000101384.12,0.0,chr20,10651581
20_10656453_A_T,JAG1,ENSG00000101384.12,0.0,chr20,10656453
20_21215612_A_G,KIZ,ENSG00000088970.16,0.0,chr20,21215612
20_21229130_A_G,KIZ,ENSG00000088970.16,0.0,chr20,21229130
20_25308027_A_G,ABHD12,ENSG00000100997.20,0.0,chr20,25308027
20_25319680_G_A,ABHD12,ENSG00000100997.20,0.0,chr20,25319680
20_25328557_A_T,ABHD12,ENSG00000100997.20,0.0,chr20,25328557
20_25356673_C_T,ABHD12,ENSG00000100997.20,0.0,chr20,25356673
20_25359143_C_T,ABHD12,ENSG00000100997.20,0.0,chr20,25359143
20_25366155_C_A,ABHD12,ENSG00000100997.20,0.0,chr20,25366155
20_25374303_A_T,ABHD12,ENSG00000100997.20,0.0,chr20,25374303
20_2874341_A_G,PTPRA,ENSG00000132670.21,0.0,chr20,2874341
20_3318406_T_C,DNAAF9,ENSG00000088854.13,0.0,chr20,3318406
20_35465779_C_A,CEP250,ENSG00000126001.17,0.0,chr20,35465779
20_35473406_G_C,CEP250,ENSG00000126001.17,0.0,chr20,35473406
20_35479256_C_T,CEP250,ENSG00000126001.17,0.0,chr20,35479256
20_35479756_C_G,CEP250,ENSG00000126001.17,0.0,chr20,35479756
20_35496582_C_G,CEP250,ENSG00000126001.17,0.0,chr20,35496582
20_3912549_A_G,PANK2,ENSG00000125779.24,0.0,chr20,3912549
20_41173991_A_G,PLCG1,ENSG00000124181.15,0.0,chr20,41173991
20_45960301_G_A,ZNF335,ENSG00000198026.8,0.0,chr20,45960301
20_47356288_A_C,ZMYND8,ENSG00000101040.20,0.0,chr20,47356288
20_48743048_C_T,PREX1,ENSG00000124126.14,0.0,chr20,48743048
20_49248267_A_C,ZNFX1,ENSG00000124201.15,0.0,chr20,49248267
20_57373668_A_G,RAE1,ENSG00000101146.13,0.0,chr20,57373668
20_6079543_C_T,FERMT1,ENSG00000101311.17,0.0,chr20,6079543
20_61852217_C_T,CDH4,ENSG00000179242.16,0.0,chr20,61852217
20_62003160_C_T,TAF4,ENSG00000130699.20,0.0,chr20,62003160
20_62312223_C_T,LAMA5,ENSG00000130702.15,0.0,chr20,62312223
20_62313201_C_T,LAMA5,ENSG00000130702.15,0.0,chr20,62313201
20_63984980_A_G,PRPF6,ENSG00000101161.8,0.0,chr20,63984980
20_63993483_A_C,PRPF6,ENSG00000101161.8,0.0,chr20,63993483
20_63994971_A_T,PRPF6,ENSG00000101161.8,0.0,chr20,63994971
20_63995329_A_G,PRPF6,ENSG00000101161.8,0.0,chr20,63995329
20_63999620_G_A,PRPF6,ENSG00000101161.8,0.0,chr20,63999620
20_64024635_C_G,PRPF6,ENSG00000101161.8,0.0,chr20,64024635
20_64199889_C_G,MYT1,ENSG00000196132.14,0.0,chr20,64199889
21_37493045_A_T,DYRK1A,ENSG00000157540.22,0.0,chr21,37493045
21_40076917_T_G,DSCAM,ENSG00000171587.15,0.0,chr21,40076917
21_44534795_C_G,TSPEAR,ENSG00000175894.18,0.0,chr21,44534795
21_45182607_G_C,ADARB1,ENSG00000197381.18,0.0,chr21,45182607
21_45493502_G_A,COL18A1,ENSG00000182871.16,0.0,chr21,45493502
21_45511207_G_A,COL18A1,ENSG00000182871.16,0.0,chr21,45511207
21_45989954_C_T,COL6A1,ENSG00000142156.16,0.0,chr21,45989954
21_46114002_T_C,COL6A2,ENSG00000142173.17,0.0,chr21,46114002
22_17891608_A_C,MICAL3,ENSG00000243156.9,0.0,chr22,17891608
22_20726493_C_T,PI4KA,ENSG00000241973.11,0.0,chr22,20726493
22_32849458_G_A,SYN3,ENSG00000185666.16,0.0,chr22,32849458
22_32858110_A_G,SYN3,ENSG00000185666.16,0.0,chr22,32858110
22_37974166_T_G,POLR2F,ENSG00000100142.16,0.0,chr22,37974166
22_38115604_C_T,PLA2G6,ENSG00000184381.20,0.0,chr22,38115604
22_38116119_C_A,PLA2G6,ENSG00000184381.20,0.0,chr22,38116119
22_38226857_A_C,TMEM184B,ENSG00000198792.13,0.0,chr22,38226857
22_41499775_G_A,ACO2,ENSG00000100412.17,0.0,chr22,41499775
22_41511930_G_T,ACO2,ENSG00000100412.17,0.0,chr22,41511930
22_41515801_G_C,ACO2,ENSG00000100412.17,0.0,chr22,41515801
22_41523846_G_T,ACO2,ENSG00000100412.17,0.0,chr22,41523846
3_101231141_G_A,IMPG2,ENSG00000081148.12,0.0,chr3,101231141
3_101304141_C_T,IMPG2,ENSG00000081148.12,0.0,chr3,101304141
3_10144305_T_A,VHL,ENSG00000134086.11,0.0,chr3,10144305
3_113585170_C_T,SIDT1,ENSG00000072858.12,0.0,chr3,113585170
3_11817329_G_T,TAMM41,ENSG00000144559.11,0.0,chr3,11817329
3_12902265_G_C,ENSG00000297478,ENSG00000297478.1,0.0,chr3,12902265
3_129174104_T_C,CNBP,ENSG00000169714.17,0.0,chr3,129174104
3_129530920_T_C,RHO,ENSG00000163914.5,0.0,chr3,129530920
3_129532261_G_C,RHO,ENSG00000163914.5,0.0,chr3,129532261
3_131468123_A_G,MRPL3,ENSG00000114686.9,0.0,chr3,131468123
3_132479253_G_A,DNAJC13,ENSG00000138246.17,0.0,chr3,132479253
3_132603224_C_T,ACAD11,ENSG00000240303.8,0.0,chr3,132603224
3_132675903_G_A,NPHP3-ACAD11,ENSG00000274810.4,0.0,chr3,132675903
3_132700040_C_T,NPHP3-ACAD11,ENSG00000274810.4,0.0,chr3,132700040
3_132701476_C_T,NPHP3-ACAD11,ENSG00000274810.4,0.0,chr3,132701476
3_134877499_G_C,ENSG00000288700,ENSG00000288700.3,0.0,chr3,134877499
3_148994280_G_C,GYG1,ENSG00000163754.18,0.0,chr3,148994280
3_15466418_C_G,COLQ,ENSG00000206561.14,0.0,chr3,15466418
3_169928522_G_A,SAMD7,ENSG00000187033.9,0.0,chr3,169928522
3_177038135_T_G,TBL1XR1,ENSG00000177565.19,0.0,chr3,177038135
3_180646690_T_C,CCDC39,ENSG00000284862.3,0.0,chr3,180646690
3_180654812_T_C,CCDC39,ENSG00000284862.3,0.0,chr3,180654812
3_184248776_G_A,ALG3,ENSG00000214160.10,0.0,chr3,184248776
3_186288813_G_A,DGKG,ENSG00000058866.15,0.0,chr3,186288813
3_189994133_A_T,P3H2,ENSG00000090530.10,0.0,chr3,189994133
3_193615759_A_G,OPA1,ENSG00000198836.11,0.0,chr3,193615759
3_193626177_C_T,OPA1,ENSG00000198836.11,0.0,chr3,193626177
3_193638020_A_G,OPA1,ENSG00000198836.11,0.0,chr3,193638020
3_193648796_A_G,OPA1,ENSG00000198836.11,0.0,chr3,193648796
3_193658946_T_G,OPA1,ENSG00000198836.11,0.0,chr3,193658946
3_193659477_T_C,OPA1,ENSG00000198836.11,0.0,chr3,193659477
3_193662948_G_A,OPA1,ENSG00000198836.11,0.0,chr3,193662948
3_196896999_A_G,SENP5,ENSG00000119231.11,0.0,chr3,196896999
3_3140652_A_G,TRNT1,ENSG00000072756.18,0.0,chr3,3140652
3_3147899_C_G,TRNT1,ENSG00000072756.18,0.0,chr3,3147899
3_39133240_G_A,TTC21A,ENSG00000168026.19,0.0,chr3,39133240
3_48420750_C_G,PLXNB1,ENSG00000164050.13,0.0,chr3,48420750
3_48466874_G_A,ATRIP,ENSG00000164053.22,0.0,chr3,48466874
3_49722056_C_T,GMPPB,ENSG00000173540.14,0.0,chr3,49722056
3_50193281_G_A,GNAT1,ENSG00000114349.10,0.0,chr3,50193281
3_50193772_C_T,GNAT1,ENSG00000114349.10,0.0,chr3,50193772
3_50194087_C_G,GNAT1,ENSG00000114349.10,0.0,chr3,50194087
3_50288701_C_T,IFRD2,ENSG00000214706.12,0.0,chr3,50288701
3_52476490_C_T,NISCH,ENSG00000010322.16,0.0,chr3,52476490
3_53856360_C_T,IL17RB,ENSG00000056736.10,0.0,chr3,53856360
3_57260641_G_A,APPL1,ENSG00000157500.12,0.0,chr3,57260641
3_62022149_C_T,PTPRG,ENSG00000144724.20,0.0,chr3,62022149
3_62218928_T_G,PTPRG,ENSG00000144724.20,0.0,chr3,62218928
3_72832445_C_A,SHQ1,ENSG00000144736.14,0.0,chr3,72832445
3_7453178_A_G,GRM7,ENSG00000196277.17,0.0,chr3,7453178
3_81705557_T_C,GBE1,ENSG00000114480.13,0.0,chr3,81705557
3_97784966_C_T,ARL6,ENSG00000113966.11,0.0,chr3,97784966
3_97788001_C_T,ARL6,ENSG00000113966.11,0.0,chr3,97788001
4_10084887_C_T,WDR1,ENSG00000071127.18,0.0,chr4,10084887
4_112646348_T_G,LARP7,ENSG00000174720.18,0.0,chr4,112646348
4_113339237_C_T,ANK2,ENSG00000145362.21,0.0,chr4,113339237
4_1213028_G_A,CTBP1-AS,ENSG00000280927.1,0.0,chr4,1213028
4_122344538_A_T,BLTP1,ENSG00000138688.17,0.0,chr4,122344538
4_127830634_A_G,HSPA4L,ENSG00000164070.12,0.0,chr4,127830634
4_127891122_G_T,PLK4,ENSG00000142731.11,0.0,chr4,127891122
4_127942095_G_A,MFSD8,ENSG00000164073.11,0.0,chr4,127942095
4_127957561_A_T,MFSD8,ENSG00000164073.11,0.0,chr4,127957561
4_128943031_T_C,SCLT1,ENSG00000151466.12,0.0,chr4,128943031
4_13381603_G_C,RAB28,ENSG00000157869.16,0.0,chr4,13381603
4_13460824_A_C,RAB28,ENSG00000157869.16,0.0,chr4,13460824
4_143545587_A_G,SMARCA5,ENSG00000153147.6,0.0,chr4,143545587
4_15511272_A_G,CC2D2A,ENSG00000048342.18,0.0,chr4,15511272
4_15514797_G_T,CC2D2A,ENSG00000048342.18,0.0,chr4,15514797
4_15563497_A_G,CC2D2A,ENSG00000048342.18,0.0,chr4,15563497
4_15570405_G_A,CC2D2A,ENSG00000048342.18,0.0,chr4,15570405
4_15980426_C_T,PROM1,ENSG00000007062.12,0.0,chr4,15980426
4_15984336_G_A,PROM1,ENSG00000007062.12,0.0,chr4,15984336
4_15985804_T_G,PROM1,ENSG00000007062.12,0.0,chr4,15985804
4_15987663_C_T,PROM1,ENSG00000007062.12,0.0,chr4,15987663
4_15987834_C_A,PROM1,ENSG00000007062.12,0.0,chr4,15987834
4_15989814_T_C,PROM1,ENSG00000007062.12,0.0,chr4,15989814
4_15991251_A_G,PROM1,ENSG00000007062.12,0.0,chr4,15991251
4_15992348_T_C,PROM1,ENSG00000007062.12,0.0,chr4,15992348
4_15994016_T_G,PROM1,ENSG00000007062.12,0.0,chr4,15994016
4_15998407_G_C,PROM1,ENSG00000007062.12,0.0,chr4,15998407
4_16008971_A_T,PROM1,ENSG00000007062.12,0.0,chr4,16008971
4_16016201_C_T,PROM1,ENSG00000007062.12,0.0,chr4,16016201
4_16023379_C_T,PROM1,ENSG00000007062.12,0.0,chr4,16023379
4_16024291_T_A,PROM1,ENSG00000007062.12,0.0,chr4,16024291
4_16025218_G_C,PROM1,ENSG00000007062.12,0.0,chr4,16025218
4_16038942_T_C,PROM1,ENSG00000007062.12,0.0,chr4,16038942
4_169704143_C_T,CLCN3,ENSG00000109572.16,0.0,chr4,169704143
4_176156146_A_G,WDR17,ENSG00000150627.16,0.0,chr4,176156146
4_184678259_G_A,PRIMPOL,ENSG00000164306.11,0.0,chr4,184678259
4_186194522_G_T,CYP4V2,ENSG00000145476.16,0.0,chr4,186194522
4_186196042_A_G,CYP4V2,ENSG00000145476.16,0.0,chr4,186196042
4_186695759_A_AC,FAT1,ENSG00000083857.15,0.0,chr4,186695759
4_22401552_A_G,ADGRA3,ENSG00000152990.14,0.0,chr4,22401552
4_25156922_C_T,SEPSECS,ENSG00000109618.13,0.0,chr4,25156922
4_26420668_C_T,RBPJ,ENSG00000168214.22,0.0,chr4,26420668
4_36150914_G_C,ARAP2,ENSG00000047365.13,0.0,chr4,36150914
4_37977517_C_G,TBC1D1,ENSG00000065882.18,0.0,chr4,37977517
4_39194535_A_G,WDR19,ENSG00000157796.18,0.0,chr4,39194535
4_39199561_G_A,WDR19,ENSG00000157796.18,0.0,chr4,39199561
4_39205239_A_C,WDR19,ENSG00000157796.18,0.0,chr4,39205239
4_39240278_G_A,WDR19,ENSG00000157796.18,0.0,chr4,39240278
4_39244515_G_A,WDR19,ENSG00000157796.18,0.0,chr4,39244515
4_39245394_C_T,WDR19,ENSG00000157796.18,0.0,chr4,39245394
4_39253198_A_T,WDR19,ENSG00000157796.18,0.0,chr4,39253198
4_39268016_T_C,WDR19,ENSG00000157796.18,0.0,chr4,39268016
4_39270105_G_A,WDR19,ENSG00000157796.18,0.0,chr4,39270105
4_4460450_A_C,STX18,ENSG00000168818.10,0.0,chr4,4460450
4_53135615_G_A,SCFD2,ENSG00000184178.17,0.0,chr4,53135615
4_54734893_C_G,KIT,ENSG00000157404.17,0.0,chr4,54734893
4_55999372_C_T,CEP135,ENSG00000174799.12,0.0,chr4,55999372
4_56490642_A_G,ENSG00000289393,ENSG00000289393.2,0.0,chr4,56490642
4_6301415_G_A,WFS1,ENSG00000109501.15,0.0,chr4,6301415
4_656992_C_G,PDE6B,ENSG00000133256.13,0.0,chr4,656992
4_657388_C_T,PDE6B,ENSG00000133256.13,0.0,chr4,657388
4_67624989_C_A,UBA6,ENSG00000033178.13,0.0,chr4,67624989
4_73065250_C_T,COX18,ENSG00000163626.17,0.0,chr4,73065250
4_82426523_C_T,HNRNPDL,ENSG00000152795.18,0.0,chr4,82426523
4_88065869_A_T,PKD2,ENSG00000118762.8,0.0,chr4,88065869
4_88099370_C_A,ABCG2,ENSG00000118777.12,0.0,chr4,88099370
4_996917_A_G,IDUA,ENSG00000127415.13,0.0,chr4,996917
5_102257280_C_A,SLCO4C1,ENSG00000173930.9,0.0,chr5,102257280
5_111478454_T_C,CAMK4,ENSG00000152495.11,0.0,chr5,111478454
5_111536666_G_C,STARD4-AS1,ENSG00000246859.4,0.0,chr5,111536666
5_112259885_A_C,EPB41L4A,ENSG00000129595.14,0.0,chr5,112259885
5_127300340_G_A,MEGF10,ENSG00000145794.17,0.0,chr5,127300340
5_127401900_A_G,MEGF10,ENSG00000145794.17,0.0,chr5,127401900
5_132370583_C_G,SLC22A5,ENSG00000197375.14,0.0,chr5,132370583
5_138887626_C_T,CTNNA1,ENSG00000044115.21,0.0,chr5,138887626
5_138917839_G_A,CTNNA1,ENSG00000044115.21,0.0,chr5,138917839
5_138924581_C_T,CTNNA1,ENSG00000044115.21,0.0,chr5,138924581
5_138929288_T_G,CTNNA1,ENSG00000044115.21,0.0,chr5,138929288
5_138930596_A_C,CTNNA1,ENSG00000044115.21,0.0,chr5,138930596
5_138930841_C_G,CTNNA1,ENSG00000044115.21,0.0,chr5,138930841
5_13907808_T_G,DNAH5,ENSG00000039139.11,0.0,chr5,13907808
5_140565906_C_T,ENSG00000283155,ENSG00000283155.1,0.0,chr5,140565906
5_140674692_G_A,HARS1,ENSG00000170445.16,0.0,chr5,140674692
5_140675111_G_T,HARS1,ENSG00000170445.16,0.0,chr5,140675111
5_140690942_G_C,HARS1,ENSG00000170445.16,0.0,chr5,140690942
5_141582338_A_G,DIAPH1,ENSG00000131504.18,0.0,chr5,141582338
5_149863112_C_T,PDE6A,ENSG00000132915.12,0.0,chr5,149863112
5_149867747_G_A,PDE6A,ENSG00000132915.12,0.0,chr5,149867747
5_149886267_C_T,PDE6A,ENSG00000132915.12,0.0,chr5,149886267
5_149895222_G_T,PDE6A,ENSG00000132915.12,0.0,chr5,149895222
5_149899422_G_C,PDE6A,ENSG00000132915.12,0.0,chr5,149899422
5_149903664_T_C,PDE6A,ENSG00000132915.12,0.0,chr5,149903664
5_154932132_C_A,GEMIN5,ENSG00000082516.9,0.0,chr5,154932132
5_160266941_C_T,CCNJL,ENSG00000135083.17,0.0,chr5,160266941
5_177267613_G_T,NSD1,ENSG00000165671.22,0.0,chr5,177267613
5_178989339_A_G,ENSG00000254035,ENSG00000254035.1,0.0,chr5,178989339
5_35793257_G_C,SPEF2,ENSG00000152582.14,0.0,chr5,35793257
5_35807258_G_C,SPEF2,ENSG00000152582.14,0.0,chr5,35807258
5_37195876_C_A,CPLANE1,ENSG00000197603.16,0.0,chr5,37195876
5_37198797_G_A,CPLANE1,ENSG00000197603.16,0.0,chr5,37198797
5_38454013_A_G,EGFLAM,ENSG00000164318.18,0.0,chr5,38454013
5_40998159_C_T,C7,ENSG00000112936.21,0.0,chr5,40998159
5_43295854_C_G,HMGCS1,ENSG00000112972.16,0.0,chr5,43295854
5_62363174_A_G,KIF2A,ENSG00000068796.19,0.0,chr5,62363174
5_62366488_G_C,KIF2A,ENSG00000068796.19,0.0,chr5,62366488
5_67160041_A_G,MAST4,ENSG00000069020.19,0.0,chr5,67160041
5_71641018_G_A,MCCC2,ENSG00000131844.17,0.0,chr5,71641018
5_75351561_C_T,HMGCR,ENSG00000113161.17,0.0,chr5,75351561
5_81750071_G_A,SSBP2,ENSG00000145687.17,0.0,chr5,81750071
5_83545545_C_T,VCAN,ENSG00000038427.16,0.0,chr5,83545545
5_83548004_A_G,VCAN,ENSG00000038427.16,0.0,chr5,83548004
5_83553365_T_C,VCAN,ENSG00000038427.16,0.0,chr5,83553365
5_83572452_T_C,VCAN,ENSG00000038427.16,0.0,chr5,83572452
5_88813529_G_C,MEF2C,ENSG00000081189.17,0.0,chr5,88813529
5_90614966_C_T,ADGRV1,ENSG00000164199.18,0.0,chr5,90614966
5_90625135_G_T,ADGRV1,ENSG00000164199.18,0.0,chr5,90625135
5_90651606_G_A,ADGRV1,ENSG00000164199.18,0.0,chr5,90651606
5_90672571_C_G,ADGRV1,ENSG00000164199.18,0.0,chr5,90672571
5_90704476_G_A,ADGRV1,ENSG00000164199.18,0.0,chr5,90704476
5_90705414_G_A,ADGRV1,ENSG00000164199.18,0.0,chr5,90705414
5_90706222_T_C,ADGRV1,ENSG00000164199.18,0.0,chr5,90706222
5_90708864_G_A,ADGRV1,ENSG00000164199.18,0.0,chr5,90708864
5_90711320_A_G,ADGRV1,ENSG00000164199.18,0.0,chr5,90711320
5_90720946_T_C,ADGRV1,ENSG00000164199.18,0.0,chr5,90720946
5_90750608_G_A,ADGRV1,ENSG00000164199.18,0.0,chr5,90750608
5_90763419_A_G,ADGRV1,ENSG00000164199.18,0.0,chr5,90763419
5_90774249_C_T,ADGRV1,ENSG00000164199.18,0.0,chr5,90774249
5_90776534_T_C,ADGRV1,ENSG00000164199.18,0.0,chr5,90776534
5_90781418_T_A,ADGRV1,ENSG00000164199.18,0.0,chr5,90781418
5_90805366_A_G,ADGRV1,ENSG00000164199.18,0.0,chr5,90805366
5_90855881_C_G,ADGRV1,ENSG00000164199.18,0.0,chr5,90855881
5_90985357_G_T,ADGRV1,ENSG00000164199.18,0.0,chr5,90985357
5_98898661_A_C,CHD1,ENSG00000153922.12,0.0,chr5,98898661
6_107307009_T_C,PDSS2,ENSG00000164494.12,0.0,chr6,107307009
6_10801936_C_T,TMEM14B,ENSG00000137210.14,0.0,chr6,10801936
6_10808813_C_T,TMEM14B,ENSG00000137210.14,0.0,chr6,10808813
6_10817874_T_C,TMEM14B,ENSG00000137210.14,0.0,chr6,10817874
6_123636754_C_G,TRDN,ENSG00000186439.16,0.0,chr6,123636754
6_130895014_T_C,EPB41L2,ENSG00000079819.20,0.0,chr6,130895014
6_133462408_G_C,EYA4,ENSG00000112319.21,0.0,chr6,133462408
6_135318623_T_C,AHI1,ENSG00000135541.22,0.0,chr6,135318623
6_135427217_C_G,AHI1,ENSG00000135541.22,0.0,chr6,135427217
6_135429891_T_G,AHI1,ENSG00000135541.22,0.0,chr6,135429891
6_135431299_G_A,AHI1,ENSG00000135541.22,0.0,chr6,135431299
6_135448433_G_A,AHI1,ENSG00000135541.22,0.0,chr6,135448433
6_135453366_C_T,AHI1,ENSG00000135541.22,0.0,chr6,135453366
6_135455777_A_G,AHI1,ENSG00000135541.22,0.0,chr6,135455777
6_135463175_T_C,AHI1,ENSG00000135541.22,0.0,chr6,135463175
6_137874865_C_G,TNFAIP3,ENSG00000118503.18,0.0,chr6,137874865
6_144827383_A_G,UTRN,ENSG00000152818.20,0.0,chr6,144827383
6_161097047_A_G,MAP3K4,ENSG00000085511.20,0.0,chr6,161097047
6_166165821_T_C,TBXT,ENSG00000164458.10,0.0,chr6,166165821
6_166931061_A_G,ENSG00000249141,ENSG00000249141.1,0.0,chr6,166931061
6_166948626_C_A,ENSG00000249141,ENSG00000249141.1,0.0,chr6,166948626
6_169220335_A_T,THBS2-AS1,ENSG00000226445.3,0.0,chr6,169220335
6_24515166_G_T,ALDH5A1,ENSG00000112294.14,0.0,chr6,24515166
6_35505771_C_T,ENSG00000228559,ENSG00000228559.3,0.0,chr6,35505771
6_35509319_G_T,ENSG00000228559,ENSG00000228559.3,0.0,chr6,35509319
6_38753339_G_A,DNAH8,ENSG00000124721.18,0.0,chr6,38753339
6_4049088_G_A,PRP4K,ENSG00000112739.17,0.0,chr6,4049088
6_42564691_T_G,UBR2,ENSG00000024048.11,0.0,chr6,42564691
6_42967450_C_T,PEX6,ENSG00000124587.14,0.0,chr6,42967450
6_43007263_A_G,PPP2R5D,ENSG00000112640.16,0.0,chr6,43007263
6_43203015_C_T,CUL9,ENSG00000112659.14,0.0,chr6,43203015
6_43259597_C_G,TTBK1,ENSG00000146216.14,0.0,chr6,43259597
6_46834649_A_G,MEP1A,ENSG00000112818.11,0.0,chr6,46834649
6_52050157_C_T,PKHD1,ENSG00000170927.15,0.0,chr6,52050157
6_52071009_T_C,PKHD1,ENSG00000170927.15,0.0,chr6,52071009
6_72233838_T_G,RIMS1,ENSG00000079841.20,0.0,chr6,72233838
6_72235655_G_A,RIMS1,ENSG00000079841.20,0.0,chr6,72235655
6_72250396_C_T,RIMS1,ENSG00000079841.20,0.0,chr6,72250396
6_72250923_A_T,RIMS1,ENSG00000079841.20,0.0,chr6,72250923
6_72251223_A_G,RIMS1,ENSG00000079841.20,0.0,chr6,72251223
6_72258137_C_T,RIMS1,ENSG00000079841.20,0.0,chr6,72258137
6_72259035_C_G,RIMS1,ENSG00000079841.20,0.0,chr6,72259035
6_72264980_T_C,RIMS1,ENSG00000079841.20,0.0,chr6,72264980
6_72291993_G_A,RIMS1,ENSG00000079841.20,0.0,chr6,72291993
6_72307308_C_G,RIMS1,ENSG00000079841.20,0.0,chr6,72307308
6_72313653_C_T,RIMS1,ENSG00000079841.20,0.0,chr6,72313653
6_72390679_G_A,RIMS1,ENSG00000079841.20,0.0,chr6,72390679
6_75930978_G_A,IMPG1,ENSG00000112706.12,0.0,chr6,75930978
6_76002981_G_T,IMPG1,ENSG00000112706.12,0.0,chr6,76002981
6_76003894_A_G,IMPG1,ENSG00000112706.12,0.0,chr6,76003894
6_76018771_C_T,IMPG1,ENSG00000112706.12,0.0,chr6,76018771
6_76022136_C_T,IMPG1,ENSG00000112706.12,0.0,chr6,76022136
6_76025245_A_G,IMPG1,ENSG00000112706.12,0.0,chr6,76025245
6_76034671_T_C,IMPG1,ENSG00000112706.12,0.0,chr6,76034671
6_79025547_G_A,PHIP,ENSG00000146247.15,0.0,chr6,79025547
6_79921699_A_G,ELOVL4,ENSG00000118402.6,0.0,chr6,79921699
6_79926340_G_T,ELOVL4,ENSG00000118402.6,0.0,chr6,79926340
6_89265727_G_A,GABRR2,ENSG00000111886.11,0.0,chr6,89265727
7_107295105_T_A,COG5,ENSG00000164597.15,0.0,chr7,107295105
7_107342406_G_A,COG5,ENSG00000164597.15,0.0,chr7,107342406
7_107377855_T_G,COG5,ENSG00000164597.15,0.0,chr7,107377855
7_107396836_T_C,COG5,ENSG00000164597.15,0.0,chr7,107396836
7_107421724_C_T,COG5,ENSG00000164597.15,0.0,chr7,107421724
7_107446076_A_G,COG5,ENSG00000164597.15,0.0,chr7,107446076
7_107528602_C_T,COG5,ENSG00000164597.15,0.0,chr7,107528602
7_107959862_T_C,LAMB1,ENSG00000091136.15,0.0,chr7,107959862
7_108282706_T_C,NRCAM,ENSG00000091129.22,0.0,chr7,108282706
7_108479192_T_C,PNPLA8,ENSG00000135241.17,0.0,chr7,108479192
7_114414542_G_A,FOXP2,ENSG00000128573.28,0.0,chr7,114414542
7_117590400_G_C,CFTR,ENSG00000001626.18,0.0,chr7,117590400
7_117718071_T_G,CTTNBP2,ENSG00000077063.11,0.0,chr7,117718071
7_120732994_C_G,KCND2,ENSG00000184408.10,0.0,chr7,120732994
7_120806626_C_T,TSPAN12,ENSG00000106025.9,0.0,chr7,120806626
7_120838881_G_A,TSPAN12,ENSG00000106025.9,0.0,chr7,120838881
7_120840063_T_C,TSPAN12,ENSG00000106025.9,0.0,chr7,120840063
7_128396943_A_G,IMPDH1,ENSG00000106348.19,0.0,chr7,128396943
7_128398499_A_G,IMPDH1,ENSG00000106348.19,0.0,chr7,128398499
7_128401084_C_T,IMPDH1,ENSG00000106348.19,0.0,chr7,128401084
7_128837983_A_G,FLNC,ENSG00000128591.17,0.0,chr7,128837983
7_128841514_T_C,FLNC,ENSG00000128591.17,0.0,chr7,128841514
7_138894434_C_T,KIAA1549,ENSG00000122778.10,0.0,chr7,138894434
7_140801550_G_A,BRAF,ENSG00000157764.14,0.0,chr7,140801550
7_141745545_A_G,SSBP1,ENSG00000106028.11,0.0,chr7,141745545
7_147128836_G_A,CNTNAP2,ENSG00000174469.23,0.0,chr7,147128836
7_147496668_A_G,CNTNAP2,ENSG00000174469.23,0.0,chr7,147496668
7_147588961_A_G,CNTNAP2,ENSG00000174469.23,0.0,chr7,147588961
7_151743645_T_A,PRKAG2,ENSG00000106617.16,0.0,chr7,151743645
7_16258914_A_T,CRPPA,ENSG00000214960.11,0.0,chr7,16258914
7_22356527_C_T,RAPGEF5,ENSG00000136237.20,0.0,chr7,22356527
7_22945909_C_T,HYCC1,ENSG00000122591.13,0.0,chr7,22945909
7_23123781_C_T,KLHL7,ENSG00000122550.18,0.0,chr7,23123781
7_23125101_A_G,KLHL7,ENSG00000122550.18,0.0,chr7,23125101
7_23140793_T_C,KLHL7,ENSG00000122550.18,0.0,chr7,23140793
7_23143897_G_A,KLHL7,ENSG00000122550.18,0.0,chr7,23143897
7_23152093_C_G,KLHL7,ENSG00000122550.18,0.0,chr7,23152093
7_23172936_T_G,KLHL7,ENSG00000122550.18,0.0,chr7,23172936
7_33155706_A_G,BBS9,ENSG00000122507.21,0.0,chr7,33155706
7_36616379_C_T,AOAH,ENSG00000136250.13,0.0,chr7,36616379
7_39999467_G_A,CDK13,ENSG00000065883.18,0.0,chr7,39999467
7_41690245_C_T,INHBA,ENSG00000122641.11,0.0,chr7,41690245
7_41705479_A_G,INHBA,ENSG00000122641.11,0.0,chr7,41705479
7_42064752_G_A,GLI3,ENSG00000106571.15,0.0,chr7,42064752
7_44150948_C_T,GCK,ENSG00000106633.18,0.0,chr7,44150948
7_48246361_T_G,ABCA13,ENSG00000179869.15,0.0,chr7,48246361
7_71345569_C_T,GALNT17,ENSG00000185274.13,0.0,chr7,71345569
7_73492912_G_C,BAZ1B,ENSG00000009954.11,0.0,chr7,73492912
7_7477511_G_C,COL28A1,ENSG00000215018.10,0.0,chr7,7477511
7_80188968_A_G,GNAI1,ENSG00000127955.17,0.0,chr7,80188968
7_80212805_G_C,GNAI1,ENSG00000127955.17,0.0,chr7,80212805
7_92513924_G_A,ENSG00000244055,ENSG00000244055.3,0.0,chr7,92513924
7_94629804_A_C,SGCE,ENSG00000127990.19,0.0,chr7,94629804
7_97854583_T_C,ASNS,ENSG00000070669.17,0.0,chr7,97854583
7_98187003_G_A,LMTK2,ENSG00000164715.6,0.0,chr7,98187003
8_102233428_G_A,RRM2B,ENSG00000048392.13,0.0,chr8,102233428
8_112263801_G_A,CSMD3,ENSG00000164796.18,0.0,chr8,112263801
8_112336676_G_A,CSMD3,ENSG00000164796.18,0.0,chr8,112336676
8_112346120_G_A,CSMD3,ENSG00000164796.18,0.0,chr8,112346120
8_119746371_C_A,TAF2,ENSG00000064313.13,0.0,chr8,119746371
8_124553144_T_C,NDUFB9,ENSG00000147684.10,0.0,chr8,124553144
8_132089516_C_A,HHLA1,ENSG00000132297.13,0.0,chr8,132089516
8_138164325_G_A,FAM135B,ENSG00000147724.12,0.0,chr8,138164325
8_138716851_C_A,COL22A1,ENSG00000169436.18,0.0,chr8,138716851
8_143927342_G_T,PLEC,ENSG00000178209.17,0.0,chr8,143927342
8_143930070_G_C,PLEC,ENSG00000178209.17,0.0,chr8,143930070
8_144060652_C_T,OPLAH,ENSG00000178814.17,0.0,chr8,144060652
8_144424091_G_C,VPS28,ENSG00000160948.14,0.0,chr8,144424091
8_17871491_C_A,FGL1,ENSG00000104760.17,0.0,chr8,17871491
8_2090006_A_T,MYOM2,ENSG00000036448.10,0.0,chr8,2090006
8_31150314_T_C,WRN,ENSG00000165392.11,0.0,chr8,31150314
8_35595614_T_C,UNC5D,ENSG00000156687.11,0.0,chr8,35595614
8_38169798_T_G,LSM1,ENSG00000175324.10,0.0,chr8,38169798
8_43191563_G_T,HGSNAT,ENSG00000165102.15,0.0,chr8,43191563
8_43196951_G_A,HGSNAT,ENSG00000165102.15,0.0,chr8,43196951
8_43197860_C_A,HGSNAT,ENSG00000165102.15,0.0,chr8,43197860
8_54622105_G_A,RP1,ENSG00000104237.11,0.0,chr8,54622105
8_58620985_C_A,NSMAF,ENSG00000035681.10,0.0,chr8,58620985
8_60850486_G_A,CHD7,ENSG00000171316.14,0.0,chr8,60850486
8_71317565_G_C,EYA1,ENSG00000104313.20,0.0,chr8,71317565
8_71359597_T_G,EYA1,ENSG00000104313.20,0.0,chr8,71359597
8_86626048_T_C,CNGB3,ENSG00000170289.13,0.0,chr8,86626048
8_86671050_A_T,CNGB3,ENSG00000170289.13,0.0,chr8,86671050
8_93763848_G_T,TMEM67,ENSG00000164953.17,0.0,chr8,93763848
8_93765623_T_C,TMEM67,ENSG00000164953.17,0.0,chr8,93765623
8_93772590_G_C,TMEM67,ENSG00000164953.17,0.0,chr8,93772590
8_93786253_G_A,TMEM67,ENSG00000164953.17,0.0,chr8,93786253
8_95048454_C_A,NDUFAF6,ENSG00000156170.14,0.0,chr8,95048454
8_95252222_T_G,CFAP418-AS1,ENSG00000253773.7,0.0,chr8,95252222
8_99115822_C_T,VPS13B,ENSG00000132549.20,0.0,chr8,99115822
8_99170039_A_G,VPS13B,ENSG00000132549.20,0.0,chr8,99170039
8_99575663_G_A,VPS13B,ENSG00000132549.20,0.0,chr8,99575663
8_99577506_G_T,VPS13B,ENSG00000132549.20,0.0,chr8,99577506
8_99668913_T_C,VPS13B,ENSG00000132549.20,0.0,chr8,99668913
8_99766874_C_T,VPS13B,ENSG00000132549.20,0.0,chr8,99766874
8_99807492_T_C,VPS13B,ENSG00000132549.20,0.0,chr8,99807492
8_99809510_C_T,VPS13B,ENSG00000132549.20,0.0,chr8,99809510
8_99818463_A_G,VPS13B,ENSG00000132549.20,0.0,chr8,99818463
8_99821334_C_G,VPS13B,ENSG00000132549.20,0.0,chr8,99821334
9_101579261_A_G,GRIN3A,ENSG00000198785.7,0.0,chr9,101579261
9_110435253_T_C,SVEP1,ENSG00000165124.19,0.0,chr9,110435253
9_110680898_A_G,MUSK,ENSG00000030304.15,0.0,chr9,110680898
9_110775963_G_A,MUSK,ENSG00000030304.15,0.0,chr9,110775963
9_113276040_G_C,PRPF4,ENSG00000136875.13,0.0,chr9,113276040
9_113276639_A_G,PRPF4,ENSG00000136875.13,0.0,chr9,113276639
9_113278977_G_C,PRPF4,ENSG00000136875.13,0.0,chr9,113278977
9_113283159_C_G,PRPF4,ENSG00000136875.13,0.0,chr9,113283159
9_113283383_T_G,PRPF4,ENSG00000136875.13,0.0,chr9,113283383
9_113288207_C_T,PRPF4,ENSG00000136875.13,0.0,chr9,113288207
9_113290689_T_C,PRPF4,ENSG00000136875.13,0.0,chr9,113290689
9_125020701_T_C,SCAI,ENSG00000173611.18,0.0,chr9,125020701
9_125307536_C_G,GAPVD1,ENSG00000165219.23,0.0,chr9,125307536
9_12704526_G_C,LURAP1L-AS1,ENSG00000235448.4,0.0,chr9,12704526
9_129006282_A_C,NUP188,ENSG00000095319.14,0.0,chr9,129006282
9_131594065_C_T,RAPGEF1,ENSG00000107263.19,0.0,chr9,131594065
9_13248508_A_G,MPDZ,ENSG00000107186.17,0.0,chr9,13248508
9_135765188_G_A,KCNT1,ENSG00000107147.14,0.0,chr9,135765188
9_136430316_T_C,INPP5E,ENSG00000148384.14,0.0,chr9,136430316
9_136434802_G_C,INPP5E,ENSG00000148384.14,0.0,chr9,136434802
9_137522749_T_G,PNPLA7,ENSG00000130653.16,0.0,chr9,137522749
9_137641344_T_C,ENSG00000283411,ENSG00000283411.1,0.0,chr9,137641344
9_21481547_T_A,MIR31HG,ENSG00000171889.8,0.0,chr9,21481547
9_34306253_T_C,KIF24,ENSG00000186638.17,0.0,chr9,34306253
9_34990670_C_T,DNAJB5-DT,ENSG00000281491.2,0.0,chr9,34990670
9_35061665_A_G,VCP,ENSG00000165280.18,0.0,chr9,35061665
9_35243360_A_G,UNC13B,ENSG00000198722.15,0.0,chr9,35243360
9_36219979_C_T,CLTA,ENSG00000122705.18,0.0,chr9,36219979
9_36966668_G_A,PAX5,ENSG00000196092.14,0.0,chr9,36966668
9_6550925_G_A,GLDC,ENSG00000178445.10,0.0,chr9,6550925
9_74983774_G_C,CARNMT1-AS1,ENSG00000203321.3,0.0,chr9,74983774
9_76192455_C_A,PCSK5,ENSG00000099139.14,0.0,chr9,76192455
9_77952373_T_C,GNAQ,ENSG00000156052.11,0.0,chr9,77952373
9_78246696_C_T,CEP78,ENSG00000148019.14,0.0,chr9,78246696
9_85713505_T_C,AGTPBP1,ENSG00000135049.16,0.0,chr9,85713505
9_91359568_C_G,AUH,ENSG00000148090.12,0.0,chr9,91359568
9_91359603_G_A,AUH,ENSG00000148090.12,0.0,chr9,91359603
9_92112552_T_A,SPTLC1,ENSG00000090054.16,0.0,chr9,92112552
9_92253357_C_T,IARS1,ENSG00000196305.19,0.0,chr9,92253357
9_95172033_T_A,FANCC,ENSG00000158169.14,0.0,chr9,95172033
9_98475385_C_T,GABBR2,ENSG00000136928.7,0.0,chr9,98475385
9_99062070_C_T,COL15A1,ENSG00000204291.12,0.0,chr9,99062070
9_99132507_A_G,TGFBR1,ENSG00000106799.15,0.0,chr9,99132507
X_100824260_A_G,CSTF2,ENSG00000101811.15,0.0,chrX,100824260
X_10136651_G_A,WWC3,ENSG00000047644.20,0.0,chrX,10136651
X_105568262_A_C,IL1RAPL2,ENSG00000189108.14,0.0,chrX,105568262
X_106839420_T_G,TBC1D8B,ENSG00000133138.20,0.0,chrX,106839420
X_107645287_G_A,PRPS1,ENSG00000147224.13,0.0,chrX,107645287
X_108692768_C_T,COL4A5,ENSG00000188153.14,0.0,chrX,108692768
X_111335947_C_T,DCX,ENSG00000077279.21,0.0,chrX,111335947
X_111682266_G_T,ALG13,ENSG00000101901.13,0.0,chrX,111682266
X_116437952_G_A,SLC6A14,ENSG00000268104.3,0.0,chrX,116437952
X_117919682_G_A,KLHL13,ENSG00000003096.15,0.0,chrX,117919682
X_118610333_C_A,DOCK11,ENSG00000147251.16,0.0,chrX,118610333
X_123708094_C_A,THOC2,ENSG00000125676.20,0.0,chrX,123708094
X_124065921_T_A,STAG2,ENSG00000101972.20,0.0,chrX,124065921
X_128041966_G_C,ENSG00000225689,ENSG00000225689.3,0.0,chrX,128041966
X_128174710_T_C,ENSG00000225689,ENSG00000225689.3,0.0,chrX,128174710
X_128737049_A_G,ENSG00000225689,ENSG00000225689.3,0.0,chrX,128737049
X_129186200_T_C,ENSG00000225689,ENSG00000225689.3,0.0,chrX,129186200
x_129767649_A_G,UNKNOWN,,,chrx,129767649
X_130637363_G_A,ENOX2,ENSG00000165675.20,0.0,chrX,130637363
X_131025969_G_T,LINC01201,ENSG00000228659.2,0.0,chrX,131025969
X_131078836_C_A,ARHGAP36,ENSG00000147256.12,0.0,chrX,131078836
X_133923217_C_G,GPC3,ENSG00000147257.16,0.0,chrX,133923217
x_139619679_T_C,UNKNOWN,,,chrx,139619679
X_150620649_A_G,MTM1,ENSG00000171100.16,0.0,chrX,150620649
X_150837048_C_A,CD99L2,ENSG00000102181.22,0.0,chrX,150837048
X_153784940_G_A,SRPK3,ENSG00000184343.11,0.0,chrX,153784940
X_153796129_C_A,SSR4,ENSG00000180879.14,0.0,chrX,153796129
X_153934450_T_G,ARHGAP4,ENSG00000089820.17,0.0,chrX,153934450
X_154364918_C_G,FLNA,ENSG00000196924.19,0.0,chrX,154364918
X_154366874_C_T,FLNA,ENSG00000196924.19,0.0,chrX,154366874
X_15459721_C_T,PIR,ENSG00000087842.11,0.0,chrX,15459721
X_18644480_C_T,CDKL5,ENSG00000008086.13,0.0,chrX,18644480
X_18656661_C_T,RS1,ENSG00000102104.9,0.0,chrX,18656661
X_19354449_A_G,PDHA1,ENSG00000131828.14,0.0,chrX,19354449
X_21591088_G_T,CNKSR2,ENSG00000149970.16,0.0,chrX,21591088
X_25011103_C_T,ARX,ENSG00000004848.8,0.0,chrX,25011103
X_32128810_T_C,DMD,ENSG00000198947.18,0.0,chrX,32128810
X_32461403_T_C,DMD,ENSG00000198947.18,0.0,chrX,32461403
x_32545161_T_C,UNKNOWN,,,chrx,32545161
X_32699232_T_C,DMD,ENSG00000198947.18,0.0,chrX,32699232
X_38287861_C_T,ENSG00000250349,ENSG00000250349.3,0.0,chrX,38287861
X_38291418_C_A,ENSG00000250349,ENSG00000250349.3,0.0,chrX,38291418
X_38301339_G_A,ENSG00000250349,ENSG00000250349.3,0.0,chrX,38301339
X_38304746_C_T,ENSG00000250349,ENSG00000250349.3,0.0,chrX,38304746
X_38310690_G_A,ENSG00000250349,ENSG00000250349.3,0.0,chrX,38310690
X_38317312_T_C,ENSG00000250349,ENSG00000250349.3,0.0,chrX,38317312
X_38318855_C_T,ENSG00000250349,ENSG00000250349.3,0.0,chrX,38318855
X_38322848_C_T,ENSG00000250349,ENSG00000250349.3,0.0,chrX,38322848
X_38323466_T_C,ENSG00000250349,ENSG00000250349.3,0.0,chrX,38323466
X_40713813_G_A,MED14,ENSG00000180182.11,0.0,chrX,40713813
X_41346498_T_C,DDX3X,ENSG00000215301.11,0.0,chrX,41346498
X_44894778_C_T,KDM6A,ENSG00000147050.18,0.0,chrX,44894778
X_45083607_A_G,KDM6A,ENSG00000147050.18,0.0,chrX,45083607
X_45200593_C_A,DIPK2B,ENSG00000147113.17,0.0,chrX,45200593
X_47241550_G_A,USP11,ENSG00000102226.10,0.0,chrX,47241550
X_48263780_A_G,SSX1,ENSG00000126752.8,0.0,chrX,48263780
X_48460980_A_C,SLC38A5,ENSG00000017483.16,0.0,chrX,48460980
X_48481641_C_T,FTSJ1,ENSG00000068438.15,0.0,chrX,48481641
X_49206516_C_T,CACNA1F,ENSG00000102001.13,0.0,chrX,49206516
X_49211977_C_T,CACNA1F,ENSG00000102001.13,0.0,chrX,49211977
X_49230216_T_A,CACNA1F,ENSG00000102001.13,0.0,chrX,49230216
x_51408175_T_C,UNKNOWN,,,chrx,51408175
X_53534661_C_T,HUWE1,ENSG00000086758.17,0.0,chrX,53534661
x_57341278_G_T,UNKNOWN,,,chrx,57341278
X_57485222_G_A,FAAH2,ENSG00000165591.7,0.0,chrX,57485222
X_65731150_C_T,MSN,ENSG00000147065.18,0.0,chrX,65731150
X_71129403_C_G,MED12,ENSG00000184634.17,0.0,chrX,71129403
X_75060333_G_C,ABCB7,ENSG00000131269.19,0.0,chrX,75060333
X_75137960_T_C,ABCB7,ENSG00000131269.19,0.0,chrX,75137960
X_77618912_A_G,ATRX,ENSG00000085224.23,0.0,chrX,77618912
X_77688876_T_C,ATRX,ENSG00000085224.23,0.0,chrX,77688876
X_77734340_C_T,ATRX,ENSG00000085224.23,0.0,chrX,77734340
X_77996733_T_C,ATP7A,ENSG00000165240.22,0.0,chrX,77996733
X_85074117_G_A,APOOL,ENSG00000155008.16,0.0,chrX,85074117
X_85873158_C_G,CHM,ENSG00000188419.14,0.0,chrX,85873158
X_86027491_G_A,CHM,ENSG00000188419.14,0.0,chrX,86027491
X_93674678_C_T,FAM133A,ENSG00000179083.7,0.0,chrX,93674678
X_9481545_T_C,TBL1X,ENSG00000101849.18,0.0,chrX,9481545
X_9783852_A_G,GPR143,ENSG00000101850.13,0.0,chrX,9783852
